-- phpMyAdmin SQL Dump
-- version 5.2.0
-- https://www.phpmyadmin.net/
--
-- Servidor: localhost:3307
-- Tiempo de generación: 05-12-2022 a las 19:00:17
-- Versión del servidor: 10.4.25-MariaDB
-- Versión de PHP: 8.0.23

SET SQL_MODE = "NO_AUTO_VALUE_ON_ZERO";
START TRANSACTION;
SET time_zone = "+00:00";


/*!40101 SET @OLD_CHARACTER_SET_CLIENT=@@CHARACTER_SET_CLIENT */;
/*!40101 SET @OLD_CHARACTER_SET_RESULTS=@@CHARACTER_SET_RESULTS */;
/*!40101 SET @OLD_COLLATION_CONNECTION=@@COLLATION_CONNECTION */;
/*!40101 SET NAMES utf8mb4 */;

--
-- Base de datos: `logging`
--

-- --------------------------------------------------------

--
-- Estructura de tabla para la tabla `images`
--

CREATE TABLE `images` (
  `id` int(11) NOT NULL,
  `image` longblob NOT NULL,
  `created` datetime NOT NULL,
  `usuario` varchar(30) NOT NULL
) ENGINE=InnoDB DEFAULT CHARSET=utf8mb4;

--
-- Volcado de datos para la tabla `images`
--

INSERT INTO `images` (`id`, `image`, `created`, `usuario`) VALUES
(10, 0x89504e470d0a1a0a0000000d494844520000032b000001d808060000004dce77c2000000097048597300000ec400000ec401952b0e1b0000200049444154789ceddd3bcb254dd7d0f1da8f371868a8811a4c22ea07f002112353236714043f828e188828be91a0e2211099498d04417d99e80d4d3ca15cfb03286832039a2822221a886d30773f774f5f7558556b55d5aaeeff0f3673cdeedd55ab0e7da83e3eb66ddb82c287cfdfc2978fef344900000000c01bbf9a1d0000000000c4305801000000e0d265062bafafafcbe4f5fafa3a345e6b2bc77e077bff1abd4cacdeaf0100803f3f592616db51797979b1cc22bcbebe9aa73992f7f8bdc7b7ba5cfd9e971f4d3b9ce74de55b8a471ac3fe3b062b0000c092e960e5b8c372e51dde2b974de2eee5ef21b6cc5c7d39026041f58c9c891eb30300b008d3c14a89e6c8f171defdefd491e254fa1647ae5379ef3b96b9fca569c7e62fa57ffe3e166729fdf3dfb9fa2dd57d6dfc12a5f6d3d65f293e6dfee7bf470e44f6b2c5ca1c93faada6fd7218ac0112ab0e4c62f6b230680150b029bdfff4757b3c1e3f7c9ecf67f377a54f6a9ee7f3f966daf1ff56f9e7d22ae57ffed4d44f4df9627f5bb6494b5ad232b7e669517f9afed3a3cf5bf6cfd8f7d2dfd5b49ff532d592161f3eeb7fc20d3fb3eb9c0f1f3e5e3f43cfac9c591f359d7d143697bfc5257296f730cc30bbbd4bbf9f1ddf518fb30ac7b32b2de97be84358c995ce02a03fceb40088130e56fe6f08e1df84107e2b84f06f4308ff3984f05f7e9ef6bb83642593ba3469a4abddfcabbd8ceaee6a072fa3eaafe7e54fa5810a975ea10e031258db020316004785c1caff0e217c0a21fc9d10c27f4dfce67f1dfede375c7f38facb9797efdfeffb7c6dfb44f1b4e3dfffe11ffeb6db072be555fb9de4b7a9f94abffda5cef7fadfc5f7bd4bf98410c29f0d3feea43c4208ff4e30dfdad88907189c6004062c007e9179cfca6f86107e7f08e12f87f440a5cdcbcbf70f07fa57f51f4effdf42087feee77ff74f0821fcab91415dc6cc338fb3f23edfbccf59400fb6c8070080b1228395ff1742f88d10c29f0adf2ff7b2e171dfc3634ca3f42ffb1642f88be1979d9c2fe639ccdea12de5df1adf8c7279b8fc6b1fb07888e57a62038fd20798893e08e0bbd36560ff2f84f0674208ffb429b1e33ed6f952afd8999496fd91633a35f35be49f2b9f9655fd48d34f9dd9cad5afae7dffc6e1effdf4feff90051fde1e79dfbf934ed7b2cadfc3bd5b9e51275aece00100aee5b16ddb61ebf61be1c79dcab20f9f43f8f2d1362840866b9a637abd0b65749e9c6191607082ab633d0fdcdde1ccca6f86da810a3057cb8edaf5377c3376f02df2ec7966ec1a18980000eee7e7c1caff0e21fc85a9810063e476f8ae3f9019a77ec7fafcb43a00e0c960007e1eac7c0a9637d3036b6220d38623fe0000a08f9fbebff0f1efcc8e03708e1d72000080d17ef5fdcdf4b6ef51797dedfb68dcd98f1cbe6af962e59a5dd7399e635b19f50adc17cb3f006f7e15c26f9926f8fd4de9ed8fdd9dbda2dc77d85371ac5ebe9463b94a317a2d8307b3eb6676fe25daf84a070a7a1f48d0f21c9b04f5dbd788036133eb68f5f60130c7af42f8b7b363a8d6eb2141c71d76c94e7b2fb31f82b4977daf8fdd7143377ba3770777ed7f39a5d83cc75ecbe3f245fdf6d5bb7e25e95fa98d015cc34f236faccfbd3450fac245c90b0b532f362ce5bfffffbc932ee5b97ca5f44bff4fd54f4d5d49eb3ff5ddb90e6ad2b78a2f1583c50b4335e5b37a6169aeffe5ca6f115fcf97a29668cb579a5e5b7eebfaaf9dbee765d506d46fdffa95e45f9346cbfaa7f7fa11c08d6ddbefd8b62d347fde7f0adbe311b6e7f3ede7f1f8e573fe7fcd77b5f3c5fe96ce73fcf73c7de5f29dcb518a419a7fcbfcd23473d363edd352d735f9b7b6794bfe3dfb576b5de462d2c6a7fdadb60eb4e5b32e7fa9bf5bc727c98ffaf55dbfad75d19ad6c8f5e3e3f1e0c387cf8d3fbfb21af41cefe388ddd331fb284a6dfeb1f8af50bed6fb6d8e978659d1d499757d737944997619b24cbb87197dca6b7a3dda63e5fab04e6f447f1fbd4cf5cb8fc7c60377f75308bf2784f01f876436fb1ae1def95fbd7cc74bbf6a4fe5a72e5df364c613de6aea6276ffcab1685fcfe52b99d1bf4b97219d7feb7df9cbb97bfd5aac3f7ac50000bdfd14c2ef0d23062ba97b1246e99dffd5cb77d672cfca719ee3ff3de85d7fa5b296ae9797a4319ba67d672f3f1634e597b4bf34ffd2748fcb9fc49debd7435bcd8981b32a0042f829843f1242f817b3e370e3bc51bb1acdcddf561bab9681ce5d5ca13eeedebe9af28fbc3c68d5f6a17e01e05e7e15c29f9892f1ec0141ecc926c71df9d67b3b52e98f669dfff99e95fd6f691dd5c653fafd8c4bfa46b4e95eaf92bc66f7b123eb5866944d93a755bc35ed2f492bf677edbc56a8dff6dfb758ffb267ceaa00f8eea710fe6808e17705ebb7d89fc54ec3c75676b96b7f358f3f94e49fface2afdf3f7a3cb57935e2a8f3db696239ab9ba2dc55ffbff73fab5f149fa47ea522dcbcba0f6efa4e5d35c3b6fd9ff6ae393d47f293e4dfca91872f1d44c8ffdee1c7baefd6b63d7c6df52ffb53152bf6fe339ff6db9fc69961fedfa351627679d00483db66ddb42f8bb2184bfdc94c087cf217cf9681b14e04def4b3ab43b53d0995dd71edbdf327f8f65f11813769c5501f08b9fbefff3e743087f3f8c7c4124805f581db9c49a68ffbea8df95305001f0a39fcfac8410c26f8610fe5475029c590100003a0c5200c41d5e0af92184f0d7a605020000eee61118a800c839bdc1feaf8710fee494400000c05d30480120f3abb7fffdc76195014bead1899e1ee98ab7681f00b0f658ec0300323fbdfdeab78710fe5908e13742087f4b9c90f56372f1a3559e1cd3fbb194abd4c31937f702b0c50e3f807bf855faebbf1942f8272184df274eecf832c5d47b3e46b07cdce695f5289fa4eeefbaa3ee61d900b00ace4c004008d1332b477f3a7c7fc3fd3f0821fcbd10c27f536556f3d2aad2f4d40e6fee858ba597fa49d24fa94dbf657a2cbfd6f463698f38fa9f3bf392cb5ff2c2b495ce5eec7d2555c6fd37c769dafe058cc74e3500406913fbbfdbb6fdcb6ddbfed2b66d7f7cdbb63fb86ddbefdcde7f0adbe311b6e7f3fbbfc7cff13bebe9cf677c9e5c5ab13472e9c7d24e7d6ad3d74c2ffdb6a57cd234a575513b5df39d75fc3d3e16edafe95f7cf8f4ff3cf8f0e1c3870f1ff34fe232b098df1642f863e1fbdbeeff7908e1df8710fe6708e16bf87ef4ec195e5f7ffcbcbc1c4f593fc3dbd3d8bf7cf7e36f63f3fc38fff7dfc7d24ce7f5368f74fae9b4539f7cfab5e57b3bcff7e96febb5357d49794b75d097f6ccc0d5ce2c5cad3c581d97250100fa2b5c0656e7e5e7bda9d7d7d75fff7df45ab850bf347d75daf2a5ead532fd3ae71d94ad39efe3254e2d3be5daf9afe0e28b0fa66120020098c774b0b27b797989ee589776b4cfd3470e5ef6988fffb76451be54bd4ad297944f5fe67da7e6af86ef0f68a8b367df3ae8d0cebfbabb95172d18780000d6d265b0b232eb418ab5dc80453a7f7fef43fcb1d7fb99973f14be5f4618771c74b49e65d1cc0f5c03031300c0fa2aee59a9733e921f939b3eeb92b1d7d7d75f7f5ae6b5fc6dea379abaad299f7d1defd7b6ffa370bedefdf5f55fbff92e847f18f9eeaf84d84ed8ebebef1745f0fa9abf5c4a3b5d6ac4408acbc2ee867b480000d733eccc4a6c07fb78943f769952cdff43f871e77aff5b7a2621751955cd9988dca5562de5c9e57d3ec3524aaf54bedafc634af59f9bfef2f2c744f9bfbcfced68da2f2fff29bcbe3ec3f7b337ff2b84f0dfc3cbcbfbc39cfb599d3f10be3f14e2ff5495cd42eeb1c3b177afd454bf767eac84810800e03e1edbb6b5df151d42f8f0f95bf8f2f19d553cd368072b9a4bb346b0188c5d976a1140113bd70000a00df7acfccce2cc8267572f9f4e6e679a814c1d06260000c00e675600000000b8d4ed067b00000000d060b002000000c025978315ab47e6e61edfeb81973852bcc7070000806b33bbc13eb663dbe306eeda4712e35eeefa84331e9e000000aec8f46960568fc695bc5f44c36a47eeae3bc6f0e9fc4e1bfa26000058ddb047174bdff3a13973927a21a324fd3d965c1a92f435f1e58e8ed7c6a79d7f567ce7dfd7bce7e6fcb7657c92e99e9c5f1a1a42dff6030000e8c1dd7b565acf9c9476cc24e9c7d2d8ff9f9b66119f6467bd263eedfc33e2d3c8e56311dfea2fd5f4de7e00000031a637d8bfbebefef099b923637df999b519f1d5cc3f22bed1fd831deb3cea07000078e3f29e95bbd2de8bd3fbe95d577b3a58e932a7b3ab95bfd6ddcb0f0000c67377199857a5ebf9adf29839ffecf4672b95efeae52fb97bf90100c0782edfb3e2d9cbcb0b3b6d1d9c07831cc5070000c0b4c1caaa972c1defc9d1a653fb9bda3c3531b6c4a7cd631fb078b97cb0e5b2b052dfd04e971a51870c280100406fa69781e51e6d1abb8c2ab7339e7afc6c6aba45fa39daa72195e28bc57b4e3b77299a64fedef1d5a49f9adfe252b8dab695c4a72dff08b9cb1447b51f000080a5c7b66d9b26810f9fbf852f1fdf59c5e3d6ec47b77a39db30d21dcb0c0000805f7083bd104796fba37e01000070c49915000000002ef13430000000002e315801000000e0d2d28395d4a35379a4aa8ec52389576e839563070000b812b31bec633b78dc20fd96f60957de9f90457c3ef1f0020000b022d3a781cd7cb46f2e8e5677ddb1bd63998fae5afef33b8bae5a4e0000701d431f5d5c3aba5b333db5a3957a21e0be73964b43927e4e2e7ec90b297bce2fa5a93f69dab1f94be9a75e5099fa4d6e5aeea59192692df17bb3c75a537f35cb4f6c3a000040b54de9fda7afdbe3f1d89ecfe7f6783c7ef81cbfb39efe7c3ea3f3e4d28aa5914b3f9676ea538abf94eea8f9356529d5dff953135f4dfbc4fed6d69fb62da4659ef5b158fe6a961f6fe5e7c3870f1f3e7cf8acf9313db3a239b25a7b1436f69246eb3cb47a967f865c8cfb34cde5459a3af0507f1e62e8e9eae5030000fe74b96725b5c35a1a5cacfc14a6d4a549352c9ec27525dacbcc3016f50f0000ac75b96725763dfcfe7d4aecf723777e2cee37380ed66ad3b028ff9d8f7ccfee3fb877ff0300007d0cbdc17e05163b5c1697440100000077d7eda590927b4a72d3675d32b6bfd0b0367deb782cd2bbf39905af652ff52dedf49a387a0fa4bdb601000058c7b0332bb1c1cb716729761956cdff43903f9e362675199174fe52f962bfab297fedfca9fc7334f55762115f4dfab5f51742befcbde31f217799a3b67c57a81f0000e0cf63dbb64d93c087cfdfc2978feface299463b5801000000608b7b567ec69161000000c017062b070c4e000000003fbadd600f000000001a0c5600000000b8346cb032f231a6568f779d6595d85b1f2fad2ddf2af5833e66b4ffe8f517a80700c07766f7ace4362c23ef05d13ec1abf4c85eeb47fae247de9fc0e6b5fdbdd7db282cbf79ac1f0100ab313bb3f2f2f2f2eb4fecffab28c53ba23c5679783d32a92ddfcc3eb55a7fd658b1ff78587eb53cc77885fa0500ac65f8d3c0722fa6ebfde8e099e9a78e689ebfcfbdb030f6e2c354fe2d652bd54f297d49fe2d2f6494cc5f8abfb6fe72656861917f4d7ca9f70649d3afaddfdaf824f1c6be9f7de4be77ffb15afecfd325cbd7ecf5af66fd0100b8b04de9fda7afdbe3f1f8e1f37c3ea3df9dbf3ffe3f35cff9bbd4674ffff891c4944aab9457ed7792bf2debafa6ee6ae38fc5539a2e8d4d12776bfd5bf5bfdabab5c8bfb57f69da57337f6d3d69cb6239bd47fbd5e6d52bff9a3e3d6bfd982a6fee7b3e7cf8f0e173ddcfd0a781f53c1a16bb04ed6a7ad79fe5ef3dd6bfe6f2218ff94bce4468d2d7f2d807346697c77a19d5a4dd5b2a9eabaedb010069ae5e0ae9f51af9bbb87bfdcf2ebfc553d24a978669d34f395ea274d79dc999fdc7a2fe7bc73f7bf90200acc9d560e5ae3b39164ad7b39748ee71b8b2d9e5b7c87fef03d2332ee7fe52ea3fd2b369771db4cc2eafa6fe47f4ffd9f503005893abc10af4d821b8b7dc80453abf450c21f038e559ae5cff771d0803c09db97e83fd9d8eec5bd95f88d9fbc58bdae9def588bf264dc96f53bf399f25a999b7a6ffc49e307565b5655cf945922362cfe57187fe040090796cdbb66912f8f0f95bf8f2f1dd0fdfa52e29287d67f5e8cfd2632f53e9c73690b9f84ad353e9a7ae2fcfa55faa3f699de7c42e0b4ac5a79d7e2e5f2c0e6dfb941e1ddd2bfe9896474fd72c1fdaf2592c9fdae557b37c584c2fc5a67974b0348f547c96eb4fc9f2d5d2ffadd68fa9fc0100f7d465b082f12c062be8c77b5bd07f00008047dcb37211b14b7fd8d18414fd07000078c49915000000002eb9bec11e000000c07d315801000000e0d2928395d8536778d425bcb0e89ff4e77e689f7b63fba173f5fabb7af956577ab4feecb6a2fff4e1ee067b5efa859eb4fd8bfed917ed736fdedbbf94fe88fe27794a5feb93fcbc2e3fb9774ab5a4e3ad7c9099fd844afa4f1b8be5d7dd991549f07414b4d2f69d51fdf3ae7d9cf6b937efed5f9ab777bfd0bc2c56c2f3f6f7e5e5e5cda7250d8bdfc0af9a7767f5489bfe13a75d7edd9d5929911ed98afd46f352bbd80bcb8ebf294d97a45f7ae95c89b67cda97de691e7dabcddfa2fe2c68fa67298ddeed9b43fb94d3f0d03eb9ef583e6ddabf35df5cfb48b71fb1478cc7d2ec75d9496bfdd5f69f592f059db97fd173fb6b917ec9ccf5df398fd8bc23d63df49f74fa6a9bd2fb4f5fb7c7e361fa793e9fd5d39fcfe79bef8fff4fcdd3323df677cdf4d4ef72f1b7d4596df97ad69f247e6dfed2faab896b54ff2ca5d1bb7d699ff5db47933fed6f179fb4ae6bb62fb57169eab0d7f6b7a6ff9c7fafed1323ca57db1e23b7bfdaf45bead43abef3a735166d7fa2ffd8a45ffb59eecc4a4eed48cedbe93aeb787ad7c7ec78ade7ef6d767dcdae5fdaa75ffee723d192a3d2abf59fdebcc79733fb5afe106c2f918b9d1dea7ee4b6c0dbf6d4dbef7be657b35ef3ca5b7b8dfebd76f9bdd460e5ca4a3728a52e1d90a421a14ddfe206abdaf8575da9c548ea5f83f6d1f1d03eb9184af1d1fe7db50c26f18b549ff552871eb6bf2d694ad3b7583f20edeafdc762f965b0b20849a39eaf7f8eedb058c4d092bec50272f71563a9fe2dd29e9dc6ca56699f587cb4fffa626722689371666f7fb57aaf1f662add6fe1c195fb8f05062b17d4fbe81d4707e7a2fe7d9bd53ed223f7f49feb895d7241dbceb1faf6f7caeb8715cab37afbf64adfdda38b356a4f93f57a62ca0c2d65a999a777fa237e3f9b265e0f65a57dfacc6be1bc61381f49b4888ff6d7d9dbe48a3b812194eb4fb3bdf1d0975a2e736e4dcf22fd1a3dd2f7d06667fbf23723b63bf71f8bfc5d9d59896d5c8f2bf5d2f4dca9bef3b4dae95ab3d3d7e63fa2fe34ed2751ea3fdaf935fdb36476ff8de541fbfcc243fbe4b07ceadb5f9bbed6ecf4b5f557d37f4aff8fa55fb2f2fec5ecf467c727916bbfd80182da8306f49f79e98710c263dbb6ad6a8e930f9fbf852f1fdf6992002e7bb451ea587e8f75e131a691bcb74f6f772c33ecb4f41ffa1cac580c563097ab332bc05d1d8f3cb002f587f6018035cd3eb30d3dceac0000000070e95237d803000000b80e062b000000005c5a72b0127b0c9ac7c7e4ad6af663ee006016d64ff08cfe893b723758e9fd0c6c16f4be663dc37c15deebc7736c1216f52b99df6b3d798d4b6ac4fa7f661d59e44dff9c87fe09cce16eb0227942034f71e84b53bfb45fde95caee71c3a6addf9577046b792c47efe563f5f513fd732efa2730c7728f2e2e3d3e34f5d21dc90b7d72cfe1deff96be34ac657a89267d49fcc73472d372f39768d2b7285f2e2e4dfb6af3ef1d5f69bae48573a5bc7b2f1fb197c4f5aee396df48e7a3fdecdb2f977f4d1ab5eba752fd49da47121bfd93fe999ad743ff4ce52f89eff8fd3986d27449fa3db7cf1860537affe9ebf6783c4c3fcfe7b37afaf3f97cf37dea7735694ad397cc5f5bcedaf834f1b7d45bcdfcdaf42dcb978a49dbbe9afa1d119f659bc6fedf333e497e9afaadad83da3c68bfbeede761fda4d9fe68cb2a698f529af44ffa676bffb4acffd8df35d335e5e7e3f7e3ee32300d0fa76847a6573b7fefcbbbac8d2c9f87f947a7bf727aa3fba3c551d695ebdb3abd11ed37ba8fcc3c524bffb44d8ffeb95e7e25dee2419de52e03f32c77ea3d75eab234effedbd2fca5fc73694bf5bc86b877f94af52bd1bb7e7b92d46f8f3c8f34cb879645fbcf44fbcd6fbfde3756c7d03ff3791ed13fe99fb82e062b864a0beef9facbe3ef250b7d6e7e691aad52f7f458ea593e8bba597dc55caadfd2bcdaeb7d35cb8796455ae7fe6e7d4d7b09ed3757cf18e89ff44fcf3178281fee8dc1cacfce37d4f53e8bb0e7a159298fde188d72f5f2cda6a9df919747786affd8407d566cb41fcee89ff579d03f81755cea9e15ed00631fb0a456622d4f58b18aad65fe19a78547a6373b869ef56b9d9f55acfbf261919e66f9185df71668bff8bcbdf4ce63c53e9843ff8ccfdbcbd5fbe7ecfc712daeceac941e9f579a2e39955cba76b574d35d2afdf3b4dae925bdd30f215fbfb1b2c72e3b48cd5f9bfe795e8bf29568da57a2543f3de393c69f5a3e5297014ae3d7c667d1ff4ab4f397d07efdda4f523f3dd74f52a5ed4f0efd531ebb367efaa7bffd134dfe58df63dbb64d93c087cfdfc2978feface271e5b8b2e494f1b5796fdfd9f16977267a989d7f8dd9b1d27ec899dd16f44f0039aeceacccc6c81c88e3c8d5da683f7846ff0490c39915000000002e5dea067b00000000d7c16005000000804b0c5600000000b874bbc1caeacffeb67a063de2bcd7afe7d824b4f1af5e7e000050e77683951a1e778c78424a5fd42f0000801f6e1e5dbc3fd33cf752c79a972a9da74b5ee854cabb677cb1fcad9ff36e557fb1174795a64bd22fd56f89b6feb5b4f59b2bbfc50be124f99f7f2f6d3f49fae7bfade707000017b429bdfff4757b3c1eeacff3f9dc9ecfe79bef627fb74ccf7d17fb3ef6ff9ef149f22b95a154bf56f1c5feae999efa5da90d7a96cf43fd4acadf129b75fb6beab7a6ce2dcbcf870f1f3e7cf8f059f3e3ea3230eb23a52ba737e2a8b1b723d3a3dbab77f96bd31fdd1edafc2cebd75b5f0400003eb8b90c4c2b75e951ef3c8f72f7b8f48e2f95f75d76024bf5abad7f8bfaadbd07cab2edb4e5ef5dbf21f8bc470c0000cc7599c14a086fef9fa83db2abb95f42328f263e6dde7750aa5f6dffb08a6f166dffeb59bfa97b660000c0bdb9ba0ccccacbcbcb9bc147edbc3d69e24359a97eef5effb1f29fff5f3a4b48fd020080115c0d56343b37563b46fb7b362cd293eefc95e6ede54a3b93a5b2cc28aba7982479ed038c96b31cd665b952df040000ed5c5d0696bb142b76a4b6667aec77b58f6ead895d1b7fecf79ac7b75ad55fabd9e94bf25fa17e5bef0da9593e5ae6d72e7f92fe9f9b1f00005cd363dbb64d93c087cfdfc2978fefd48158bf53c4227f8f3101a3d0ff0000c06caeceacccd4fbc83fe01dfd1f000078e3e6cc0a000000001cb9bac11e00000000760c5600000000b8c460a5231ebf0a000000b4331dac1cdf51b2ea8efaaa71975cb55c000000b82eb3c1cafe98d3e347bb83ece9a57a788bfa070000404fc31e5d2c798f49ea85902dd363bfc94d97bc10b026fddac7beee75914b4353be547eade95bd7fff9373c361700000061537affe9ebf6783cb6e7f3b93d1e8fe42736fdf8dd79baf6ffa5f46bbe6b8dbf5427a5dfd7c45f33bda52e46d67f4dbdf1e1c3870f1f3e7cf8f0b9eec7ec32b0fdacc04a9706f53c7adf92766e1eabf4526f259f712623150767550000001082f16560fb4ee6ac4b797203a5e32556ad71cd1e8859dc0354ba344c9b7e8a45fd030000e05ebadcb3721cb448774c4bf76b94a6a7be4bc525f97d6dfa3d49ee3129d9eb507ac6e55cdfb3eb1f000000f7623658a91998e44877782df2b08a7925b9018b747e8b1842c80f90eed62e000000786bda4b215367054aef69a9798f4bec095f967269b6e457334f6df98f248f955ea1fe010000706d8f6ddb364d021f3e7f0b5f3ebe0b21d43ffaf67864bdf468e3da471f97f28f4d3fff4efb68df9a3318b58f2e8ea55f7a3473eda3a367d53f0000001082f16045c362b0b232ef65b97afd030000c09f612f852c895d9a74dc112e4d475fd43f0000004673736605000000008ea6dd600f00000000390c5600000000b8c46005e884c7355fdb55dbf7aae50200acc9dd6045fa0e0ff8b47adbd1fff256af9b2bb4afe61d4b0000acc6dd6085274cdd87c71d2afa9f1ddad7de8881caa83af2d83f0000feb879747149ec8585fbdf2d69c4e695bc5451fad2c619e9e78c88fffc77e9a59623e38be56ffd9e985cecb5f1a5d2c8e54dfb5eb77df7f9638f10affd4d298f546cd6ed030080c8a6f4fed3d7edf178987e9ecf67f6bbd4df5669a6a69f7f533b7fcff425e5ef197f29a65cdea3eab7945f4bbd4ad3b7aa5fdaf79eed5bdb06ad69b7f68596f6698d8f0f1f3e7cf8dcebe3ee32b0916a8feeddedf7574eaff7915d8bf469dff6f4aed8be39d6679124ce2fed0500a087652e032b495df6b06f4425978e69aea16ebd34ad9466cff46b63199d7fe93293f36f7bc657ea5faba37de7b6efecfc4b7aaf3f010048b9cc6045b251df7f93dae86a770c4ae96bf54ebf67fea5fb156af2ef119f36ef2ba07de7b1c8ff3c58b03edb92abff585ea9fb0ccff30200907399c14a8de346b7c74673f5f47be63f22ded9f5b33ada773da9071af4cccb6bff00005ccb6dee5969b944a1669ede974058a4af49c3aa7cfb7b2eaccb539bde15db8bf68dcfdbc3ece57134abfab7ec1f00807b786cdbb66912f8f0f95bf8f2f19d4930b10d58ec285eeaefdaf46b1fdd5a3a7a699d7e6dfca5797b3f3af6fcbb9afab328bff6d1b6b9fe27519b7e6bfda6f2a67dafdbbeb1f97369b49cf528a5afa97fc9fa13008018578315f4337bc7c0e3cecaecfc2dcd2e0bed8b1c8ffd0300b0865bdeb382f1ce47fdf7ef700db42f72e81f0080569c5901000000e0d26d6eb007000000b016062b000000005c1a365819f9a8cad51f8db972ec986f46ff19bd7c837a0000dc83d90df6b90de7c81b29b54f9829bd1dbbc7dbb33d903c7a36669547937a8a65a6bbf66f29d61f0000f8627666e5e5e5e5d79fd8ff57518a77e41bbab5ac5fa4776cd315dbd69ad723dbb976f1d0bfb53cc77885fa0500c093e18f2ed6bcb4ce32efd1e9a78ed8a65e2c973a4b21adbfd5768a46bed4f0985f6bfaa9b6b48a4f126fecfbd947ee7b2fdf56cbc779fa715a2e8fd4fc16b4fdeff89bd5967f00009236a5f79fbe6e8fc7e387cff3f98c7e77fefef8ffd43ce7ef529f3dfde34712532aad525eb5df49feb6acbf9aba3bfebe26ced6facdb55f6bff68adffd6f46bfb9745fd58a5ab9ddea3fd6af3ea957fde20fc9c0000200049444154cd3a61d6fa2355dedcf77cf8f0e1c387cfaa9fa167567a1eedcbdd3b7115b3cb2539b2ac39b2abb97c493a4faa7fcca8dbd9ed696d76796af3aff9fdecb29dc55eb2b87f0f00c095b87a83bdd77b00ee64df09f2b2437fa4ed1fa581ac45fa29c79dcbd9f538cbcce5dba2fe7bc7cffa0f0080b75c0d56eeba1367a174bdfe0892a78759a47dfcae466e20564a5f52bfd29babef3a68995d5e4dfd5bf4bf92d9f503008047ae062bd0b3d8e1495d627205b9018b747e8b1842b8f6258b9e5db9feef3a1006005c97eb37d85f7587b9a7fd859833eaeeb883a479d293d56f73ef8629cd9f9a5e53bfb1274c5d99f5a3b22df538d3d75b2e8f3bf42700004270746625b60369797450927ee9f1a5b9e9a5f4cfd7ccd7a65f62fd52c658797adfd09bbbd42a362df7ff526ce7332ca5f44af55bd3fe92f852f1c6fe3ec673fedb727a4d8ce7792d966f4d7cd2fc53752be96fa3d61fa9dfa7ca0400c0ca1edbb66d9a043e7cfe16be7c7c67150f1a590f5646f31eebeaf50b0000b022376756a0d3fbccd4dd51bf000000e3716605000000804bae6fb007000000705f0c5600000000b8b4e46025f6141c1ee5092f2cfa27fdb91fdae7ded87ee85cbdfeae5ebed5955e1d30bbade83f7db8bbc19e979aa1276dffa27ff645fbdc9bf7f62fa53fa2ff499e42d8faa442afcb4fee9d592de9782b1f64663f8193fed3c662f975776645123c1d05adb47d6754ffbc6b1fa77deecd7bfb97e6eddd2f342fc395f0bcfd7d797979f36949c3e237f0abe6dd743dd2a6ffc469975f7767564aa447b662bfa97929e4797aea856cfb6f4ad325e9e75eaa27a12d5f297f4dfa25dafc2deacf82a67f96d2e8ddbe39b44f390d0fed93fb8ee5d3a6fd5bf3cdb58f74fb917a1968cd6f345aebafb6ffecbf1ddd4766ee5ff4dcfe5aa45f3273fd77ce2336ef88750ffd279dbedaa6f4fed3d7edf178987e9ecf67f5f4e7f3f9e6fbe3ff53f3b44c8ffd5d333df5bb5cfc2d75565bbe9ef527895f9bbfb4fe6ae21ad53f4b69f46e5fda67fdf6d1e44ffbdbc527adeb9aed4b6d5c9a3aecb5fdade93fe7df6bfbc488f2d5b6c7c8edaf36fd963ab58eeffc698d45db9fe83f36e9d77e963bb392533b92f376bace3a9edef5313b5eebf97b9b5d5fb3eb97f6e997fff948b4e4a8f46afda737eff1e5ccbe963f04db4be4626787ba1fb92df0b63df5f6fb9ef9d5acd7bcf2d65ea37faf5d7e2f3558b9b2d20d4aa94b0724694868d3b7b8c1aa36fe55576a3192fad7a07d743cb44f2e86527cb47f5f2d8349fc22d567bdd4a187ed6f4b9ad2f42dd60f48bb7affb1587e19ac2c42d2a8e7eb9f633b2c1631b4a46fb180dc7dc558aa7f8bb467a7b1b255da27161fedbfbed89908da649cd9db5faddeeb87994af75b7870e5fe6381c1ca05f53e7ac7d1c1b9a87fdf66b58ff4c83dfde77a62975cd0b673acbefdbdf2fa6185f2acdebebdd277f7e8628ddad364bd9e9832434b596ae6e99dfe88dfcfa689d74359699f3ef35a386f18ce47122de2a3fd75f636b9e24e6008e5fad36c6f3cf4a596cb9c5bd3b348bf468ff43db4d9d9befccd88edcefdc7227f576756621bd7e34abd343d77aaef3cad76bad6ecf4b5f98fa83f4dfb4994fa8f767e4dff2c99dd7f6379d03ebff0d03e392c9ffaf6d7a6af353b7d6dfdd5f49fd2ff63e997acbc7f313bfdd9f149e4da2f7680a0f6a001fd675efa2184f0d8b66dab9ae3e4c3e76fe1cbc7779a2480cb1e6d943a96df635d788c6924efedd3db1dcb0c3b2dfd873e072b168315cce5eacc0a7057c7230fac40fda17d00604db3cf6c438f332b000000005cbad40df600000000ae83c10a0000000097961cacc41e83e6f13179ab9afd983b00c035b1fe8706fde79edc0d567a3f039b8eded7ac6798afc27bfd788e4d82faedcba27e25f37bad27af71498dd8beceac23efede33dbe12fa8f4d1aabf78319dc0d56244f68e0290e7d69ea97f6cbbb52d93dae70a9dfbeb4f57ba70db9c772f45e3e58ffdba1ffcc8941e34eebb7d1967b7471e9f1a1a997ee485ee8937b0ef7feb7f4a5612dd34b34e94be23fa6919b969bbf4493be45f9727169da579b7feff84ad3252f9c2be5dd7bf988bd24ceaa8ea9dfbef5bba71f7b8468ed6fa4f3d17ef6ed97cbbf268ddaf57fa9fe24ed538a8bfe43ff29e5518aadd7fa0d21844de9fda7afdbe3f130fd3c9fcfeae9cfe7f3cdf7a9dfd5a4294d5f327f6d396be3d3c4df526f35f36bd3b72c5f2a266dfb6aea77447c966d1afb7fcff824f951bf7eebb7b60e6af3a0fdfa2f1fad75d19a56cbfab5b56fd27fe83f9afe535b2e8b7ceef6717719988687539423d3ab9dbff7e55dd64696cfc3fca3d35f39bd1e75bd727d58a7377a79b7388abb727d5ba737a2fd46f711d6aff49f95f23bb23e4b7547cb5d06e659eed4def1d49fe414e6713ec9fca5fc73694bf53c75d9bb7ca5fa95e85dbf3d49eab7479e479ae5c3bbbbd7afc5f23513ed37bffd56be3486fe73edfee3a17c77c760c550a9e3eed3632b0d49a7cfcd2f4da355ea9e1e4b3dcb675137abaf984af55b9a577b3f8e66f958c19debd722adf3fa64f4d148da6f2e0f3168d07fe6ea19c315d66fab63b0f2b37d65715ea07be5b5e7a159295db5b35fbd7cb369ea77e4e501abb63ff55b2f762064566cb41f34e83f38f3b47e5bd5a5ee59d10e30f6014baa23b53ca1c62ab696f9679c161d99deec18465fb6a0c9cf2ad67df9b0484fb37cf4a87bea373eef2a68bff8bcbdf4ce83f5ab3eadd8dfb5f3f672b5fe83be1edbb66d9a043e7cfe16be7c7c67124cac7395ee3b381f25909c4a959e063d9f6929a57f8eaf767a89267dc948bea6fecf67a26ae7974cb72e5f8eb67d2deab7677c92e9e7df95ca175b3e4a65d0c4a7ed7fa5d8a8df7ef55b3b7fedf24cfb8d6fbf527ce7df68d6ffa5fa8dc541ffa1ff1ca7f5ec3f92f8247923c3e3a38bbd7c78d4dc7d3ededb77767cbd1ef3e8a54e3c96c5634c5e3fb363a5fdd6feccae2bfa0f1f3ef90ff7ac1c68cf7c0057753eeab87f071bd4efda683f68d07f803c57978101000000c0ee5237d803000000b80e062b000000005c62b0826a3c121000000023dc6eb0b2fa8eb6d533d867a52fc91ff3ac5effb3fbefd579af5fcfb14968e35fbdfc001073bbc14a0d8f2bfede4f0891a4cf534a10c23d978fbba37e0100a3b9797471ef9732c5dee65a7a29d2c8f862f95bbf38c8e2d188b91726495eca94aa3f49fb48638ba52f89eff8fd3986d27449faa5fe93c3f2317ff958b9ff94d2974cd7d2d6efccf587e4a5722397bf96f90160595e5e0af97c3edfbc84a8f452c69ae9b9ef62dfc7fedf333e497ea53294eab7b52e5ad33a97af54c7ad65b3aeffd8df35d335e5cf958fe563def27185fe63d13f66d6ef2aeb0f4dfdd6d4b9c71709f2e1c3874f8f8fabcbc0ac8f04ad9cde88a362a38fbc5d3dbf126d3c2bf767ebf4aeb87c948c6e2f0f979c6a7eafd57b79ad49df5b5f048091dc5c06a695bab4a2779e47b96bf87bc797ca7be446aef78dff316cc465583eeedd7f4af5abad7f8bfaad5d7f58b69db6fcbdeb37049ff78801c0089719ac84f0f6faf0da23579aebc125f368e2d3e63d42cf183c946f752c1ff756aa5f6dffb08a6f166dffeb59bfa97b6600e00e2e3558d91d370a1e2f35d0c40768b17cdc5ba97eef5effb1f29f1fe8503a4b789ebf663a00e047aeee59d11c29b23acab4bf47c022bdd8135a5ae6eda5771eb38ffccdcedf1acb477cde5eaed47f4a659951564f3149f2da072c2d6739accb72a5be090025aeceace42e35394fab9d1efb5deda3296b62d7c61ffbbde6f19492fa29a59f9b2eadff9a383597299de7b78aaf35ff1e79b07c8c5b3e56ef3f16e55ba17e7bad3f4a31f55efe24fd3f373f00acecb16ddba649e0c3e76fe1cbc777ea40669f12d7ee8cf5303b7ff831bb2fb07c003fa2ff01c018aeceaccc34e2c838b02a960fdc1dfd1f00e670736605000000008e5cdd600f000000003b062b000000005c62b0a2a07d7c248f9f9c837aff8e7a400efd636d6c9f005c85f960c5ea1d0c6897ab7fcbf764f4e03936098b1d0449fb79a58dcf73d920976ac7d9eb1ffa1700acc774b0b23fca31f50cf8d13cc4305a6947776f1faf4fb219f986748f4ab1798edddbf28f39720315efeb9f9158460040c6ecd1c5e767ceef3b2cd28d52e93d0efbdfa997e2edbfc94dab99bf367d8bf9b562653c4fb34cbba6fe52f94be3b27acf47ea856916e593e4919adfc2ccfe67b1fc9fffb6ac3fcbf6cdbd3833377fa9ff6afb8724ffd6f5674d0ca91776ce5eff9cff6ee93fa9efd83e0140479bd2fb4f5fb7c7e3b13d9fcfedf178fcf0897d97fa94e67f3e9f6f7e739e9e4baf767e49fa96f35b7eb46d914ad3aafe6ae6eb51a6545a9af29562d2fe565b3fbdfb9f55fb58d45f6afe9efdb7b6fe5bfb576bfdb7ac3f6bdbaf667ddcd22f7a2e9f33ead7b27c2b6d9ff8f0e1c3a7f6b3d40df6daa33db9f96bd3ee194b2fc7ebc55b2e41b8fad1b69e7dc05bdd798b67842b975952b69efd5572e6e4eaeb1fb64f00d0c7addf605f3acd5ecbfb35c8169751e5782fbf46ead29f1abdebe7caf5df83f5f25fca2b76d99065fededbbff7fae76aeed63f0020e5328395d2f5be25163b0f77dff05ebdfcc71dcde3ff257aec9c9e5dbdfe7b9b5d7f16f7749cbf1bc9fa3e952b61fb0400ed2e3358d9b142bea6d891e999b1ec31d0df00ce9a4851270050cfec9e95f391238ba7bf48be8bfdc6e239fea5f9a5b1d44eb388dd8b1e670ef6fa19bdd1b72ecb88361ed9ffac977f0f66f75f4dfe5c32d417db270018c7f4cc8ae6bafed869f2d8a31653a7d2258f06d5e45ffbff737c92dfe7be97c83d9eb3149f564df9258f7e4df523ab01706d3f95d65faa6c92f62fc5a769df11fdcfe2be1e69fd69f228e5db92beb7f96bdb513b7f6dfafb77a3d36feda36c9f00609ec7b66d9b26810f9fbf852f1fdf59c593545ab16b37069eac1af768d4531fd42b50e74edb270018ed32f7acf43e72370a1bb0b42bb4af77f43fc0de55b64f0030c332675600000000dccb522f8504000000701f0c5600000000b8b4f46085a795a085c7c76fd6c4e32d760000805ecc062badcf9d1fcd634c4756f1a5da63d473fea5f1a462ebd54efb0de4dcdc0a0000e09fe9d3c07892d08f66d5476a6060f5e8cc5e03091eed29439d000080bb18fae8e2d2a31b6ba6d7eeb0495e08a87db46429be5cfa9a17169ef3e8f9422f4dfac7c1478ff87a3f1ab4d47eb997c249e393f621c9c0eefc9d76f903000018adcb1bec533b59b99da9dae9b53bbbb97c24f997c4e2ab79837129be96188e2c763c3d9fe990f49fe3f721d4d589743090fabf76fe9dc540b1353e000080d1967d2964cfb3072baa1d5885a0df59af756cb358fbf53cb2af1d0c4ae6a94d373610f1c45b3c0000e07ecc072ba5b32b39571f7c78289fe7a3e5de8fecb79ecd1be1bcdca5ce9494e6dfff060000f060e89995d24ed0ca3b49a5fb1552df598a9da9285d566499bec4aa6d5cbbf3ef9174f963d0020000bce83258b9f3255ab376f06aef87b04e1fd76171ff1400008085a92f85d45c16e6753054f39e108f65e8f98e932bb1a823eb7ade0f12480719b1870e48e6a17f00008051ba5d0616bb2c2a770375edf4d6b337a96bf34bf997489ef62549bfe7bd03b1faf274e45c53ffdaf6ab4dbfb6ff59c4a779a29976f903000098e1b16ddba649e0c3e76fe1cbc77756f12c8b47bf02000000b6967d74b1371c99060000006c315831c4e004000000b033f5067b000000004861b002000000c0a5298395151f7f5a13ef6a651b8dfaf16dd4f2d9fae8726d6c57e97fbdea077933eaf78a6d7ac53201e8c37cb052dad1d99f9095babf63f60a6c76feabbb42fd95faafa48f5be4797e54f1f9d34369f9f4ce7bfff37aa0c6634c2b92ac1ba86b00a8637a83fdf151bd777e6cef5dcb2de5b97e2403edd6f9b57834f677da32cfacb3d6f743d5e6817e72f55b6adf11ed0f0057e3e669609217dee51e0dbcefb89d5fdc6799fff977b9e9a5796be32bcd2f297feff9cf7f5bd68fb67d2562799ca7b5ce5f93fffeb7b5de8fd62ea52f5d7672b149d60db3fadfc8faadad9ff3fcb934f6df7a5a3f594ccf4995f7fc7daf17f64af5ea7f92f78459b60f036a005536a5f79fbe6e8fc7637b3e9fdbe3f1f8e173fceef97cbef99c7f9f4aa7267d495ab94f2e7f69faa5585be2d396bff7fc35656a49cbaa7d2deabab50f95e6c9957754ff292d9f9af44be5cd4d97967b56ffab691f8bf5526dfdd4b48fd57ad37afda4995e13bf365dedf4d43c56fdafb5fd2ca7b7ac63f8f0e173dfcfb0332b232e0feb7db4c63a7d6fe9952e6f986d760cbd8f9c1f8f3cc7ced0f4cc5fbb7cd6ceb3e2e5329e960f8bfa919c49b04cdfbafe66af0f46f3565e4d3c1e976f007e99dfb3d2536dfa9e56eee71dd119b4f577f78dcbec7b4666e75f72f7fee1b9fc92f58fa63f59acdf78ca9b4eeffbe524fd07007a301dacf4deb9f5b463d6e27c3fc28ca3b1ad52d734c3d6aa7dfceefd6385f297d63ffb0ea966c0924b3fc7a2fe565d76ac8cbab220d77f00a0075e0a39c1cbcb0ba7c1014c915bff585d5ec6faedba685f00a32d3d585969653922d6da3c343179ad7bde63e043a90db4d3bdf376496ccdef5b764425bfaf49d322bdd5fbd0d9ccf57b4b5ab97952d3587f038871f3e8e25deadad8d806b4c76967cdb5d7b9c7a76ae397cc9f7b34a875fe9223b3358f97b56a5fcd113f6d7cd2c7e7b6eadd7f344afd43fbff1064f53babff59c5df2bfddaf2d55e1266bd7e9294b7d7fa2dd5874aeda79d5e13e379dedefd575bffd2ed0700c43cb66ddb34097cf8fc2d7cf9f8ce2a1e34f276b3f54cd405e00bcb2400a0d5d297810167ec140100005c07675600000000b8c49915000000002e315801000000e092bba7810125abdf97927aa2cfd5f2040000d0323bb3b23f1f9de7a4eb68eb6ef5baf71cbf651fdf5fac764c3b95672e9ed6fc00000056607a66e5bcf3c5ce117a98d1af62fd993e0e0000d057b7cbc0622f15d3bcb44ab2b3984b5fbbb399faedf17b49fea9cb71b42f0c93ccaf7d2960cd4b11cfd3adca9f2b5b297d4dffe92db5bca46248fdb6d7e55e0cd60000c00cc3ee59e9bdb33372674a9a5769e7f3f8ffe380a7f5cdedb9f97b0cd6ce03b511e5cfbdf9b86667bf346f2a3e0fa46dcc60020000ac8ea7811991ec145e6dc7b1b63cbdcb3fb27e7b0c048e03b196f4afd6bf000000781a9821cf3787a34cda7e3dcf58c42e071b9537000080370c568ca42e23c23a1804000000f8b2cc6560e77b151808609659839a99675558fe0000c00cdd062b3dafe9b748bbf7ced61d76e6562ea324f696779ff4e2e1f22fcbe50f000040c2f432b0dc6353634f71d23cf52af67d2efdd8635d6b5faa777c6ceef911badaf453f958cdafadffdafaad4d3f964eeeb2bada3a2ab58f55fc57479d000080911edbb66d9a043e7cfe16be7c7c67154f158ef06245bdde85323a4f963f0000d0db5237d873e41b5730a3df5ae4c9f2070000465b6ab0c2ce11300fcb1f0000186d99a78101000000b817062b000000005c62b0f2b3951fc37b0735ede3b12d3dc6742557abdfab95a7c62a65f71a672c2eafb10229f45939cbbab24acbbafdba3dba3884b66bdcaddea1d2ebfafa52da239f90e42916f870a536f758168f31cd425dbc257dea5e6bdd691e6b0f9478ef5f3d972fcdfe6b6ac77c4fa334bd258f196d64d13f5ad77d66839558003336668cc6e175450b48ddb90faf5a76e9f64eb38d92bcbf6bd5fac37cadef871ba1e7f2a5dd7f8dfdce72703172ff3a97a6b67f68e61dfa34b05ce3495ff8579a66599935f149a6c75e4498cabfd4095bceaa94161eedc2556adf52f925f9b7d69f6461d71e5991e6194bbf347fa9fea4fdaf145f8ea6ffa45ec099ca3fd63657afdf5cfae71872f1c5ea5732bd26fedcb2936adf9ae53b158be67d41dafe595a774977a47aee104a96ab9de5f641dbff24e9f76c7f8bfc7b6e5fb5f95bd49f24c65cfec7ef575dbebc6bddfe9de7d76cb752f3abdb66537affe9ebf6783cb6e7f3b93d1e8fe427365dfadd797a4b5ea54f2cddd6f8b4e96bcbd752d72d65ad4d3f577eedfc94dfa64e34e5934e6fa9f7abd76f695e6dfdd64cd796b557fad2e5df2ae65cfce77824b1d4febea62cdafaebbd7c6bfbc7c8f66fc97fc4f665e6f6d3b27ebd2f5f166968fa6a4b1edafe5113ab24ad583cdaba58ea3d2b21f43dc5ddfbf4b9247d4fa7f06b62e951b6f3ef3dd54d0b6dfcdeca7fb578bc95e7c8736c1216f16bd2b0aebfd81142c991ed99b4ebdfd97ab4a1a7dff74e6fa57da759cbd7ac334f2de978de3fea7176abcb6045722905dab45cfe759c9622b93447125b8d910bd75ebed2652f98cbc34e9d571efaa7a67d66c7df3b7fabcb00512fd5b67bfd4b2f3d6da54dbf14bfc4ecedef1596af5e0718729745ed7f4be6bbf33aa5cb6025d50077ad642f4af57f6eb7966b6acfdfad84fe09af565fbe66c73f3bff587e77def1b0567366bfd791694dfab3cf3c6ab17ce9f2adb91fe7ae96bb0c4c7bf4dfbb5cf93467556ae4ce3e00bdd0dfe6899d793ca37dda7184d48fdedb37b69fe369972fef6de53dbe11babd145232aa5ee9c8a0054d797b0c548ef148637b7d7d1dd6b6d6fd63df21ab79b248ecbbd6f2d794a7f7b2914a5f5abe5c1aadf1682f7958a17e3da79f5b3eac3796b3d7fddafc67c7dfa236e615cb98d25296deeb93deed31b3fdaeba7cd56c1fcff3f576f5ed9fd99995f30d35a5ffefdfe5d2494d4f89ed7cf7bcf1ab36fe589dc4e6efa154ffd2f691a65f7b839536ff1074ed3fa2fcb9f6d7d65f6c3ecbf47bf79fdafcaf56bf35f9f648ff986e0f92f87baebfadfb7febf64da3543fa5e935cb47ed74add9e95bafffadd38fa5619dbee5f673b5e56b85f463f5d9ba7cb7ac7f73d347acdf1fdbb66de25f477cf8fc2d7cf9f84e93c42d581f9904701dc7f583977585973880bb6359c4dd2d77cf0a005c4de98ced08bdcf0c0000d082332b000000005cea76833d0000000068305801000000e012f7ac08959ee205000000c096e960457a83a6f6c9162df397e6913c162ef53b00000000f6cc062bd21789797e5950ef17a101000000901b7acfca8c332ab9b400000000f8653658910c22b4030dcb810a674c00000000dfbadc603ffbe56639b9810a2f4503000000fc301fac783e6b518a8d7b56000000003f4cef59f1be73fff2f2c2bd2a000000c022cc062bde072a3b062c000000c01adcbdc1fef5f5b5fb6082010b000000e05fd7974286f0e37d20c7e92d37e16be73fc7753e1bc40df6000000801f8f6ddb364d021f3e7f0b5f3ebeb38ac7ade34086410c000000d05f9747175f110314000000602c77f7ac0000000040080c560000000038c56005000000804b0c567ec6a38c7dab691f8f6de931a62bb95afd5ead3c355629bbd7386371d5c6eab56c406ffbeb33eeb40cac5066f337d86b0bada92c8bfc257968a65bf2140b7cb8529b7b2c8bc79866a12ede926e7f34db47eabd9fdef55b4adf2affdefd2bf51b6df92cca6f517f2f2f2f6f1eaa24ddbfd4d67d4b1d48d637b9f463e5f5c6ec6960b137d88f7cabfdecfce1076d8ed5ddb90faf5a76e9f646b3332579a1b145fdadda065abd5f185d4adf227fcdcef2deeeb9be9c1ba8e4e6d74e9796a107e9fea545dde7bed3587dff78e8a38b732f5d94bef051fb32c892d4fb544af149a69f57449af2953a9a6441aa9d5e526adf52f925f9b7d69f6465a0297fcbca2c563fa9f94bf527ed7fa5f87234fde71c77a99fc7dae6eaf59b4bff1c432ebe58fd4aa6d7c49f5b7652ed5bb37ca762292dff39dafe595a7749072a3d778825cbd5aef41bcbed87b6fdb4db0f8bfe23893195ff28adfdebdc7f632fcdcea55f9a5f3bbda60c3d079b9ef38fc572299bd2fb4f5fb7c7e3b13d9fcfedf178243fb1e9d2efced34bbf91a6554ab7353e6dfaad7968eabaa5acb5e9e7caaf9d9ff2dbd489a67cd2e92df57ef5fa2dcdabaddf9ae9dab2f64a5fbafc5bc59c8bff1c8f2496dadfd794c5bafe34fd2f355ddb7e33b71fdafea56dbfda186ad390c49f4bdf72fb60590f56f35bb6afb6ffb4b4bdb64c1e3ecbbd14b2e6347bedc8b2f7485492bea7d1704d2c3dca76febda7ba69a18ddf5bf9af168fb7f21c798e4dc2227e4d1ad6f5973aba9ccad3c391ce1e753032ffd9f3cf4a5ba277fff2d07f678a2def96f561957ecde57babb56797c18ae4528a5eaebe50b55cfe759c9622b93447125b8d91ed543aedbc7f87b9aebefc6a78e89f9af6991d7feffcad2e03f4c862fb90936a1bcd65aa25bd2f03831d8bfea1cdbfe7f26d759976eef7abaf9fba0c5662d7491fbfef65b5ca1fad5437e776d32e28abadbce93bf06af5e56b76fcb3f38fe5b7daf64ab37d90a63d3b8d5677e85f33fbef4acbc92c2df7f9ac64b9cbc04a3760ae2eb721d09c55a9913bfb00f4427f9b2776e6f18cf66977a5ed15db077f7af7af2bf5df2bbbf280a5db4b21254715563a32684153de1e0395633cd2d85e5f75cf61af61dd3ff605b9e6c93db1ef5acb5f539edecb462a7d69f97269b4c6a3bde46385faf59c7e6ef9e87d9476346dfeb3e36fa1ddfeccd6f284ab593cd4574c6afd7ebe67a276792fcdaf9d7e1535dbd7565e9e4866cdeccccab9824affdfbfcba5939a9e925a082d49e24b4d8fd5496cfe1e4af5afbdc14bd2de9af82462832f691a23ca9f6b7f6dfdc5e6b34cbf77ffa9cdff6af55b936f8ff48fe9f620895fb3fc5ae4af99bf77ff0fa15c3fa5e992ed4fcaece53f968775fe96db8f96feddb3ff4b94f66db4f36ba7978c5c7fc4d29eb9ff914a2fd5bfb4e9cff0d8b66dd324f0e1f3b7f0e5e33bab782eebaa470a00e81dd70f5ed6155ee2407f1efbdf91c798704dad03fa95ad50e6e5ee590180abd11e55b4b0fa9137b4f3d0ff000feed8ff572833675600000000b8d4ed067b00000000d060b002000000c025062b3fbbe2a3deaec4d363695b788ce94aae56bf572b4f8d55caee354eed63bd91b7e263c9012bfbe39747f753d3c1cab110ad05d13e0bbe774596d21dd9809e62810f576a738f65f118d32cd4c55bd2ed8f66fbd8b3de69d3be66ece4ad6444ffcea56f91bfc53e6caff42de60fe1fb0df9a99bf27bc56ff634b0d8a305473e6e7076fef08336c7eaeedc87572dbb747ba3d95990bc1f66d5fa5b85c5fb2f7aa5bfbade2f342ca5afcd5f3b6fe9f1e11e062a9af435f90f7d7471eed198d217eaf47ebc62ea79d3da173aed9daff43c6b69f94a1bc6d4e0eda8767a49a97d4be597e4df5a7f92c1aca6fcd2c172ae7fe5e62fd59fb4ff95e2cbd1f49f73dca57e1e6b9babd76f2efd730cb9f862f52b995e137f6ed949b56fcdf29d8aa5b4fce768fb6769dd251da8f4dc21932c573bcbfe6db17eefb9fd294db7d83e6be3d7a66f51be5ce2947a3200001130494441545c9af6b5587e2531a6f21f41b36c9f97af3d9d521d8e8acf227d6dfd844de9fda7afdbe3f1d89ecfe7f6783c929fd874e977e7e9a5df48d32aa5db1a9f36fdd63c3475dd52d6daf473e5d7ce4ff96dea44533ee9f4967abf7afd96e6d5d66fcd746d597ba52f5dfead62cec57f8e47124bedef6bca62557f9a36d72e7fb5e56c6ddf96f85beaad667e6dfa96e54bc53473fbad6d7f6dfd6b6319197f8ff82cebafb57e967b29a4e48c83f4b7b5696b49d2f7740ab826961e653bffde53ddb4d0c6efadfc578bc75b798e3cc7266111bff6f21b4bb123849223cb3379d8be8d4c6fe4f67f46db8edebf993dffacb4e14397c18ae454732fde3610d65a2eff3a4e4b915c9a2389adc6c8b6399f56955c2687f1aeb8cc5af1d03f35ed333bfedef95b5d0678559aed4f6adefdb7d24b4b6b682f43b3d4bb7ca5fa9598bdfd9fbd7e99c9a2fdbceb3258895d277dfc1e7394eaffdc6e2dd7b49ebf5b09fd135eadbe7ccd8e7f76feb1fcee3698d16c7f6acedca7b65f3deb7a44ffea59bed9673eb53c2cdf33dd613db2dc7b565e5fe38f76bb4ac74c956f9fd67a56a5c6cbcb4bd71bb18098bbedbc79725ede53eb58daa7cdbe4edd3ffb77ab90f40fcbbc34db9fab6fbfae5e3e20a6db6045b220dd6d61d394b7c740a565e3931b4ca5d26ed5e3c8d41ebfa4ae523b6cade5af294fef65233720aee90b96f1682f3958a17e3da79f5b3eac072ab3d7fddafc67c7df421b7369fd599bbee5e0a7f909439d58a7eda17c9af61dcdebf299dabec60e06ac7430c34a6effc3ec32b0d863e972ffdfbfcba5939a2ec93ff75b0d497cb9d3b4a9fb7972df5928d58fb6fe24edad894f22b6f193a631a2fcb9f6d7d65f6c3ecbf47bf79fdafcaf56bf35f9f648ff986e0f92f835cbaf45fe9af9476c7f4af5539a2eddfeb46c7f4be98fdefe58a71f42be7e2dfa774dfae77947f43f4dfb4a586ebfadeb5f423b7f69d99b1d9f367d6dfb3eb66ddb34017ef8fc2d7cf9f84e93c42ddc75a40ca0ecb87ef0b2aef012077cf2d867d107ed8b5de980472fcb3dba1800aea674546d841167a6b12efa078059cb3d675600000000b8b4dcd3c000000000dc038315000000002e2d73cfcaac9b7a00000000cc316cb0527a9a44ead9d3e7bfbd3e3f1b000000802d576756ce83191e9707000000dcd7b47b563843020000002067ca60853326000000004a865f06961ba8f0d22900000000bba18395d21915ee5901000000b01b7a19d8cbcb0bf7aa0000000010197ecf0a03160000000012536eb067c002000000a064da7b56f601cbf19e146eb007000000b01b3658890d3c626fa84fe14c0c000000702faede609fc35916000000e05ea6bdc11e000000007218ac000000007089c10a000000009718acfc8c1bf87dab691f8f6de931a62bb95afd5ead3c355629bbd7386371d5c6eab56cb0431bdbb1ac4babb47ab5efebebebaf3f2399de606ff1e8e1f3e38c35b1f4b829bf946eaf7cbdc7021faed4e61ecbe231a659a88bb78edbc01eebe63d7dea7d4ddedbaf77ffd5ce9fab3fc9fea745fdcf5cef69e2b77c35486dfda706363531980d56620d38ab513962706f5e370480d49dfbf0aa65976eef34db27c90b952dea6fd536f0cef30bb147f45fcdfcc7f862efe82bed7fe6e6af89a1b75c5cadfda7f7fe79297dc9e0a694fed047174b475e92d173aa92f70ad22c102df149a69fe3d28cfc5bceaa9446d6da9177a97d4be5af3932529a2e59302d5f4a2a5d19e4fa576efe52fd49fb5f29be1c4dff39c72d5d8e6be35fb97e73e99f63c8c517ab5fc9f49af873cb4eaa7d35473ea5ebcf1c6dff2cadbba43b7a3d775825cbd5aef41bcbed87b6fd46adbf5bb74f16fd5312632effe3f75efb6febfce7f8f634a475ac9dff98462ef6d6edcf797eed40ea92071b36a5f79fbe6e8fc7637b3e9fdbe3f1487e62d3a5df9da7a77e73fcbe948e24ddd6f8b4e9b7e6a1a9eb96b2d6a69f2bbf767eca6f53279af249a7b7d4fbd5ebb734afb67e6ba66bcbda2b7de9f26f15732efe733c925834dba79a725bd49fa6ffa5a68f6abfd6f4676e9f2ccbefb5ff6ae66f695fcbfe218945d37f5acb95fa2e164feff2d7a4df92f7322f85dc498ff459a66d4592bea711714d2c3dca76febda7ba69e1bd7fd6ba5a3cdeca73e43936098bf8356958d75fec08abe4c8fb4c3dea6054fee723e192fa1c199fc5fc23d31edd7f47f5ff996717662fdf47a93340bdea27969f757d7419ac482ea5409b96cbbf8ed3522497e64862ab3172e1966cece89ff379d8a9f3ca43ffd4b4cfecf87be76f7519a04716db879c54dbc42edd89c5508a4f927e6b8c29bd2f03b37685fedb3ac0b2e81f2be87500c5f232e8942e8395d875d2c7ef7b891d29b85a67d3901e896ad9285d61e79fbe02af565fbe66c73f3bff587eab6d9f34db0769da1669c4e29b7d664feb0afdd773fff712c71db4b6fb729781e58eac9c7fb762072c1d1d6a3dab52a3e6543b6085fe364feccce319edd3ee2adba710e66d1fa49781b1fdb2a7edbfbdfb3f6d9db77afdbcbebef67b29a464d4bfd291410b9af2f618a81ce391c6f6fa2a7b199045db5af78f7d87ace6c927b1ef5acb5f539edecb462a7d69f97269b4c6a3bd246385faf59c7e6ef9e8b173319336ffd9f1b7d06e7f663af7bff335f233b63733ebe4aafd37b5fd89b577ed604933bfc49db63fbde4f63fccceac9c3b43e9fffb77b97452d36792c427b9ae36377f0fa5fad7de2025696f4d7c12b18d97348d11e5cfb5bfb6fe62f359a6dfbbffd4e67fb5faadc9b747fac7747b90c4af597e2df2d7ccdfbbff8750ae9fd274c9f62765f6f25f62917fcdfaa3257dcbedd38afd57ab66dfaaf49b96b269962f8bf55f6efaecf61dd17f1edbb66d9a043e7cfe16be7c7c6715cf65f518c903b886e3fac1cbbac24b1ce8cf63ff1be98e65065ab41ef0d05aee9e1500b81aed513f0bde8faca21f0ffd0f807fb3d60f9c5901000000e052b71bec010000004083c10a000000009796b96765d64d3d00000000e6183658293d6d23f56cedf3dfab3e3f1a000000401d5767567abf880c000000c03aa6ddb3c21912000000003953062b9c31010000005032fc32b0dc4085979201000000d80d1dac94cea870cf0a00000080ddd0cbc05e5e5eb8570500000080c8f07b5618b000000000909872833d03160000000025d3deb3b20f588ef7a470833d00000080ddb0c14a6ce0117b437d0a6762000000807b71f506fb1cceb200000000f732ed0df60000000090c36005000000804b0c5600000000b8c460e567dcc0ef5b4dfb786c4b8f315dc9d5eaf76ae5a9b14ad9bdc6198bcb6bac2ba34eafe34e6df9fafafaebcf4a4c072bc74a68ad08cd7cb18fb5529a233b80a758e0c395dadc63593cc6340b75f19674dba3ddcef5524a7fc44e8e247daf7daf77fb6be795ce3fab7f5af42faf7d23049bd82cd278797979f3d0aa9a7de7d1fde3f5f5d5ee6960e777a6a4beeb8927862104fa01d677e73ebc6ad9a5db3bcdce86e485ca9afa2ba5dffb85ceab0f547ab7bff781ca5efe967d3fedfcfb7c57d6ab7c35fbefb3fac7d04717e75efa789cb6ff9daba85e1bb4631c35f149a69f57f49af2951a3bd5f98e6aa79794dab7547e49feadf527591835e5972eecb9fe959bbf547fd2fe578a2f47d37fce7197fa79ac6dae5ebfb9f4cf31e4e28bd5af647a4dfcb96527d5be35cb772a96d2f29fa3ed9fa575977447b5e70ebf64b9da596e4325cbd7315fe93632954febd1d9a3d5da5f5a3fb1f86ae66f89ef5cfed84bbf7bce7f4c2316fb15b61fbdd71d12b3fa470821844de9fda7afdbe3f1d89ecfe7f6783c929fd874e977e7e92df3953eb1745be3d3a6df9a87a6aeb5752a493f577eedfc94dfa64e34e5934e6fa9f7abd76f695e6dfdd64cd796b557fad2e5df2ae65cfce77824b1d4febea62c96f5d77bfbd2baded5d4df5dda5fb3ffd0b37e7bcfdf92d6aadb0f4ddfa999bfb63e7af78f655e0ab92b9d4d90feb6366d0b92f43d5d0251134b8fb29d7fefa96e5a68e3f756feabc5e3ad3c479e6393b0885f938675fdc58e2e4ace2ccf343b7f0d6dfddda5fd5bf3f0d03f67bbf2f6a386f4cccf685d062b925361d672a73dafa4e5f2afe3b414c9a53992d86a8c6c9bf36947c9657218ef8acbac150ffd53d33eb3e3ef9dbfd565802b92ac5f67a3fdd7956a3bead796e73edb65b012bb4ef5f83de628d5ffb9dd5aae173d7fb712fa27bc5a7df99a1dffecfc63f979de31f048537fb47f99e7f8bcc471659203e135bfb7b6dc6560daa3ffde496e90cbcd6b79b985a79515ae8ffe364fecc8f819edd38ea3ee3aabd7dfa8f85bf78f56af5fe894dadb43ffe8f65248c9510bcb231b2b1c65d4c4d863a0127b4285649e516d6bdda6fb0e59cd935b62dfb596bfa63cbdfb732a7d69f97269b4c6537b264f13cfacfaf59c7e6ef9b0de38cd5e5f6bf39f1d7f8b119741d5ac5f67ba63fb5b486d1fcef7f0a4fa80767e2b77df7ef4d2b37dcdceacc41edb96fbfffe5d2e9dd47449feb9df6a48e24b4d8fd5496cfe1e4af5a3ad3f497b6be293880dbea4698c287faefdb5f5179bcf32fddefda736ffabd56f4dbe3dd23fa6db83247ecdf26b91bf66fe11db9f52fd94a697b63fdaf4b568ff3c49fd482fe3e9d17ea57da3def3e7ca7785edc7c8e5ef1887156dfb3eb66ddb34017cf8fc2d7cf9f84e93c42dac70b409c01cc7f58397758597380000364a07ccbd5aee9e1500b81aed51270b23ce4c0300e65975bdce9915000000002e75bbc11e000000003418ac000000007069d83d2babded403000000600eb3c14ae9b167c727dd000000004089e999150f6fb904000000700ddcb302000000c025062b000000005c32bd0c8c978a01000000b0c23d2b000000005ce23230000000002e315801000000e0128315000000002e71833d0000000097cc062ba581096fae0700000050c3f4cc4a0e675900000000d4e09e15000000002e315801000000e0128315000000002e5d72b0f2fafafaebcfacfc25df01b0317b990700007d4c7974f1ebeb6b74da3eff715aeab725e779523b31b569c762b4544abf77fe7b1e92a7bbb5d6dd4eda0762f3e6d26889aff4fb58feb57554f368efd67edfda3f62f91dbf6b297f2a36c9fca978cef3edbfcbc50900402bc9fe8766ff46927feffd134bb9edf7ae366fb3c14a6967e7f85d69fefd6febcab4486b8fab573ea5f425f96b48d26ec95fd23f627de0485aafbdea47d2bf53a4cbc7fe7d8b52fd69cd2cff88f503000067a5ed94c5fe8d758cb3b68fa5ed77eebb9ca19781dd61e7a274294aafcb554a979e9df38dc5d0eb8c8ac439ddd64199557cdaf6d19c19b198afa5fecefd65863bac230000f761b57f734ccf329efd3bedfea966fb5dca7fd84b214bbf3936deca474d739d3037d21e2136aa3ffe3df3b4a105cb818a269dd6b342deeb57435bfeabac1f00006b9bb9fde9b17f6271e6a3b4fdd6c6d4e5a590add7e5f53c45768ceb9cdf282bef5c69db243688b3bce761c440c5aaffe4eebd9829362038b228ff318ddaf2f75e3f000050cb62ff4662c4fe49cbfcd26d726afb2fc9df7cb0e275472275cda1c7585b9c8f367b2b9b76e43ea2fd4ae9591c8df0d62e352cae89f53640030040c3e2cc444b1e479afd93f381ca5e52db7f49fee64f03d316f478f36c086b9f8db89a967b5c46d2c6d7fbf222c940a6e6f73dcc6c4f49f9593f00006699b5dfd37bffe478a0fbf87f298bfdaf5cfe5d9f06d69a86e7330477d5fba88196557c9a1542e914adf6a8c8ca2c8f0ab17e0000dc4daffd93731e35bf3fce93caab25adf33c977c2964ccaca71b8d8c61efc82beec09daff98c75f659b1488caaf3d493324af5070000c6b3dc3ef7d83f99bd7f2cc9bfeb4b214348bf34e77caaa7f6fab55ad63778a76e92ce4d3fc7101b8d6ad2d7ea99bea4fe73ed3eea06b6737eb90193f634694b1a39bd2f8fd2945fdb7ebdd70f0000b4d0eedfb4e667b57fd27bffaa94be24ffc7b66d9b26880f9fbf852f1fdf69923057f3c40100eb63990700e09aba3cba78367656807b61990700e09a6e73cf0a00000080b5305801000000e0128315000000002e315801000000e0128315000000002e315801000000e0128315000000002e315801000000e0d2ff07e5d9fb8bb0a7d9980000000049454e44ae426082, '2022-12-04 19:45:52', 'fguemor');

-- --------------------------------------------------------

--
-- Estructura de tabla para la tabla `productos`
--

CREATE TABLE `productos` (
  `nombre` varchar(50) DEFAULT NULL,
  `precio` varchar(50) DEFAULT NULL,
  `aroma` varchar(50) DEFAULT NULL
) ENGINE=InnoDB DEFAULT CHARSET=utf8mb4;

--
-- Volcado de datos para la tabla `productos`
--

INSERT INTO `productos` (`nombre`, `precio`, `aroma`) VALUES
('Costa', '€49,18', 'Pinyon Lupine'),
('Velvet', '€98,34', 'Ross\' Avens'),
('Stafford', '€56,78', 'Yellow Cups'),
('Elisabeth', '€44,32', 'Grape Soda Lupine'),
('Carri', '€57,45', 'Shieldplant'),
('Lynnell', '€45,05', 'Prickly Moses'),
('Carmina', '€62,24', 'Field Locoweed'),
('Estella', '€35,18', 'James\' Cryptantha'),
('Desdemona', '€48,85', 'Douglas\' Phacelia'),
('Aldric', '€66,23', 'Donner Lake Lupine'),
('Ricki', '€70,65', 'Beeftree'),
('Mamie', '€41,46', 'Thompson\'s Waterleaf'),
('Katrinka', '€23,14', 'Uruguayan Needlegrass'),
('Elaine', '€49,49', 'Pygmy Bentspur Orchid'),
('Marline', '€94,01', 'Santa Clemente Island Bedstraw'),
('Pamela', '€79,28', 'Blue Grama'),
('Sibella', '€53,14', 'Emory\'s Milkvetch'),
('Tillie', '€21,73', 'Red Wattle'),
('Reilly', '€72,43', 'Sierra Milkwort'),
('Fairlie', '€81,58', 'Volcanic Sorrel'),
('Jade', '€46,00', 'Kristinsson\'s Felt Lichen'),
('Eward', '€96,11', 'Black-box'),
('Charley', '€85,33', 'Garlicvine'),
('Marrilee', '€75,21', 'Nipplewort'),
('Elmore', '€25,66', 'Grooved Flax'),
('Lucienne', '€49,88', 'Fernald\'s Beaksedge'),
('Sylas', '€79,10', 'Summer Farewell'),
('Art', '€84,60', 'Lanai Islandmint'),
('Giorgio', '€98,78', 'Canotia'),
('Emelda', '€37,95', 'Blanketleaf Willow'),
('Demetri', '€90,56', 'Bryoandersonia Moss'),
('Marcello', '€81,78', 'Dugway Buckwheat'),
('Maryjo', '€78,40', 'American Columbo'),
('Normie', '€20,83', 'Bristle Nailwort'),
('Kristoffer', '€23,03', 'Bolander\'s Onion'),
('Kelsi', '€74,17', 'Crabseye Lichen'),
('Katrinka', '€84,39', 'Oil Shale Fescue'),
('Hazel', '€54,37', 'Nuttall\'s Thistle'),
('Valeda', '€22,26', 'Northern Jacob\'s-ladder'),
('Maribeth', '€66,27', 'Ashby\'s Banksia'),
('Elysee', '€46,89', 'Crocosmia'),
('Arne', '€52,22', 'Mimetanthe'),
('Dewain', '€82,68', 'Sweetscented Phacelia'),
('Terrell', '€91,80', 'Hall\'s Fleabane'),
('Mattie', '€82,05', 'Miniature Lupine'),
('Chryste', '€96,91', 'American Dunegrass'),
('Ivan', '€35,69', 'Porsild\'s Starwort'),
('Scottie', '€58,41', 'Antilles Calophyllum'),
('Sidonia', '€95,21', 'Rigid Didymodon Moss'),
('Maurene', '€47,54', 'Caesarweed'),
('Gannie', '€83,62', 'Pincushion Beardtongue'),
('Anya', '€40,50', 'Hillside False Bindweed'),
('Jenda', '€35,56', 'Angularfruit Milkvine'),
('Juliana', '€61,47', 'Mexican Gamagrass'),
('Misty', '€96,16', 'Bluntleaf Bedstraw'),
('Lucila', '€59,93', 'Trichostomum Moss'),
('Aprilette', '€90,49', 'Jointweed'),
('Issy', '€24,02', 'Southern Honeysuckle'),
('Lucita', '€57,79', 'Pale Melicope'),
('Daune', '€48,52', 'Owyhee Phacelia'),
('Cristine', '€37,94', 'Bellyache Bush'),
('Chevalier', '€52,26', 'Laupahoehoe Phyllostegia'),
('Sharleen', '€72,05', 'Campernelle Jonquil'),
('Obie', '€27,02', 'Clasmatodon Moss'),
('Ardisj', '€31,25', 'California Skullcap'),
('Pete', '€96,11', 'Arkansas Bedstraw'),
('Kipper', '€52,88', 'Cup Lichen'),
('Dyan', '€44,02', 'Sticky Purple Geranium'),
('Paolo', '€53,30', 'Gigantochloa'),
('Jackie', '€84,60', 'Seaside Alumroot'),
('Nikolaos', '€21,99', 'Siskiyou Fritillary'),
('Wells', '€68,98', 'Peculiar Moonwort'),
('Lisetta', '€66,34', 'Macfadyena'),
('Chery', '€95,92', 'Spiked Crinkleawn'),
('Papagena', '€96,59', 'Largepod Pinweed'),
('Olive', '€29,38', 'Hairyfruit Valerian'),
('Nil', '€83,59', 'Eucalypt Eugenia'),
('Jocelin', '€88,63', 'Mexican Yellowshow'),
('Nevin', '€50,25', 'Rugosa Rose'),
('Minor', '€60,86', 'Waianae Range Papala'),
('Ozzy', '€99,75', 'Arabian Coffee'),
('Carey', '€66,73', 'Helocarpon Lichen'),
('Gillan', '€35,14', 'Brouard\'s Dotted Lichen'),
('Dominic', '€60,60', 'Mermaidweed'),
('Christy', '€82,71', 'Alpine Bittercress'),
('Kris', '€86,45', 'Yerba Buena'),
('Jarvis', '€89,25', 'Shortspike Canarygrass'),
('Georas', '€89,24', 'Small-leaf Bittercress'),
('Helena', '€39,85', 'Pseudoleskea Moss'),
('Bordy', '€22,39', 'Rothrock\'s Thistle'),
('Archie', '€29,18', 'Mountain Necklace Fern'),
('Bobbie', '€92,92', 'Bryum Moss'),
('Dicky', '€41,47', 'Owl\'s Crown'),
('Lura', '€29,25', 'Fremont\'s Chaffbush'),
('Carlie', '€20,65', 'Sessileleaf Cyanea'),
('Dollie', '€31,91', 'Tetrodontium Moss'),
('Magdalen', '€96,82', 'Leafy False Goldenweed'),
('Franny', '€74,92', 'Snowball Cactus'),
('Amandie', '€28,54', 'Greater Masterwort'),
('Jammie', '€25,87', 'Alyssum Evening Primrose'),
('Judy', '€84,25', 'Richardson\'s Phlox'),
('Artus', '€84,31', 'Wulf\'s Sphagnum'),
('Ludovico', '€89,04', 'Lacelip Lady\'s Tresses'),
('Leila', '€86,38', 'False Aloe'),
('Hannis', '€32,32', 'Martinique Tonguefern'),
('Hamil', '€95,37', 'Rat\'s-tail Succulent'),
('Broddie', '€55,86', 'Dicranoweisia Moss'),
('Agnese', '€45,03', 'Carolina Azalea'),
('Killie', '€39,59', 'Sicklepod'),
('Koenraad', '€76,54', 'New Mexico Alumroot'),
('Mattias', '€65,34', 'Common Heathgrass'),
('Glenna', '€85,61', 'Sorrel'),
('Tabbatha', '€64,64', 'Eggplant'),
('Marthe', '€86,35', 'Periploca'),
('Erl', '€67,14', 'Large-flower Primrose-willow'),
('Con', '€40,99', 'Archontophoenix'),
('Pauly', '€55,86', 'Egg Lake Monkeyflower'),
('Jordan', '€74,35', 'Chrozophora'),
('Renato', '€51,31', 'Sorrelvine'),
('Lurette', '€29,25', 'Threelobe Rosemallow'),
('Waneta', '€21,26', 'Pulasan'),
('Lana', '€42,85', 'Wallace\'s Spikemoss'),
('Duffie', '€38,54', 'Kyasuma Grass'),
('Guenevere', '€74,03', 'Black Marlock'),
('Birgitta', '€25,49', 'Wart Lichen'),
('Nataniel', '€98,11', 'Wart Lichen'),
('Alisun', '€65,68', 'Ozark Milkvetch'),
('Kameko', '€94,81', 'Bog Smartweed'),
('Korey', '€40,28', 'California Buckthorn'),
('Karyn', '€21,31', 'Howell\'s Marsh Marigold'),
('Orel', '€79,58', 'Wild Bushbean'),
('Dane', '€32,21', 'Donner Lake Lupine'),
('Massimiliano', '€59,11', 'Pigeon Bundleflower'),
('Arty', '€63,81', 'Blackwood'),
('Ryley', '€83,99', 'Ross\' Avens'),
('Delcine', '€49,52', 'Ponderosa Violet'),
('Griselda', '€60,54', 'Franklin\'s Hawthorn'),
('Karen', '€69,48', 'Danny\'s Skullcap'),
('Johnny', '€43,73', 'Toetoe'),
('Deana', '€57,25', 'Spiny Spiderflower'),
('Morgen', '€86,56', 'Gentian'),
('Doloritas', '€58,81', 'Streamside Bryum Moss'),
('Brita', '€51,66', 'Sequoia Bedstraw'),
('Kin', '€27,88', 'Mosquito Flatsedge'),
('Chryste', '€36,07', 'Cup Lichen'),
('Shela', '€34,79', 'Serpentine Milkweed'),
('Farris', '€38,39', 'Alpine Clubrush'),
('Sampson', '€63,56', 'Flatfork Fern'),
('Lesley', '€83,83', 'Hawkbit'),
('Thomas', '€36,27', 'Pacific False Bindweed'),
('Julianne', '€35,62', 'Sticky Liveforever'),
('Dominik', '€72,85', 'Hairy Cyanea'),
('Ricoriki', '€49,83', 'Splitleaf Groundsel'),
('Tessa', '€20,09', 'Hybrid Pitcherplant'),
('Ivy', '€89,30', 'Larkspur'),
('Boy', '€60,07', 'Maricao River Hempvine'),
('Sydel', '€21,81', 'Santa Barbara Milkvetch'),
('Tracie', '€40,79', 'White Colicroot'),
('Florri', '€22,92', 'Alaska Fescue'),
('Jo-anne', '€41,91', 'Everglades Key False Buttonweed'),
('Alec', '€81,88', 'Chaparral Dodder'),
('Brucie', '€26,31', 'Cinnamon Rose'),
('Barrie', '€74,29', 'Bentonite Desertparsley'),
('Reynolds', '€76,34', 'White Mulberry'),
('Ludovika', '€23,24', 'Rayless Ragwort'),
('Edith', '€55,57', 'Cafe Falso'),
('Andras', '€84,89', 'Gentner\'s Fritillary'),
('Janaya', '€40,17', 'Stenogyne'),
('Gregg', '€86,94', 'Queensland White Stringybark'),
('Iolande', '€99,70', 'Job\'s Tears'),
('Ondrea', '€46,17', 'Jerusalem Cherry'),
('Harwell', '€82,86', 'Axilflower'),
('Rowan', '€98,32', 'Blue Eyed Mary'),
('Evey', '€80,89', 'Flatbud Pricklypoppy'),
('Neil', '€76,27', 'Carelessweed'),
('Cristin', '€74,93', 'Texas Ash'),
('Paula', '€91,68', 'Hypnum Moss'),
('Sherill', '€62,27', 'False Hair Sedge'),
('Galvin', '€64,44', 'Hale\'s Rinodina Lichen'),
('Bowie', '€51,68', 'Parish\'s Rabbitbrush'),
('Valenka', '€81,27', 'Brewer\'s Bittercress'),
('Humfrey', '€37,75', 'Henry\'s Lily'),
('Jermaine', '€27,30', 'Wart Lichen'),
('Iain', '€54,45', 'Pringle\'s Lipfern'),
('Elianore', '€58,01', 'Bolander\'s Hawkweed'),
('Nick', '€72,20', 'Variableleaf Springbeauty'),
('Carley', '€44,22', 'Oakleaf Mountain Ash'),
('Tory', '€27,02', 'Russian Thistle'),
('Aldin', '€97,92', 'Bird-of-paradise'),
('Odelinda', '€62,12', 'Waianae Mountain Digit Fern'),
('Adah', '€21,75', 'White Pine Skullcap'),
('Nerta', '€88,16', 'Gray\'s Prairie Clover'),
('Roselin', '€85,92', 'Nootka Rose'),
('Carrol', '€92,57', 'Rock Lily'),
('Munmro', '€87,20', 'Lathberry'),
('Berk', '€87,23', 'Common Motherwort'),
('Kingsly', '€52,65', 'Brazilian Waterweed'),
('Zorina', '€33,41', 'Wetsoil Rockcress'),
('Bondie', '€97,99', 'Pinleaf Vervain'),
('Cthrine', '€48,92', 'Roundleaf Melicope'),
('Karyn', '€72,33', 'Hollyhock'),
('Amil', '€82,06', 'Piedmont Primrose-willow'),
('Farlee', '€77,31', 'Howell\'s Pussytoes'),
('Gamaliel', '€20,02', 'Rosinweed'),
('Arvin', '€82,12', 'Giant-trumpets'),
('Elka', '€52,57', 'Toothed Clubmoss'),
('Verney', '€47,34', 'Peculiar Moonwort'),
('Karol', '€63,15', 'Beach Seepweed'),
('Cymbre', '€30,48', 'Rose Clover'),
('Maible', '€55,12', 'Glaucous Bluegrass'),
('Rriocard', '€86,52', 'Leathery Grapefern'),
('Elise', '€97,99', 'Gorman\'s Dwarf-primrose'),
('Reed', '€32,90', 'Small Geranium'),
('Alina', '€84,04', 'Painted Buckeye'),
('Isadore', '€78,74', 'Chicory'),
('Worthy', '€22,76', 'Fries\' Pussytoes'),
('Eberto', '€26,40', 'West Indian Chinchweed'),
('Emma', '€38,26', 'Bristly Lovegrass'),
('Tatiania', '€52,36', 'Northern Bentgrass'),
('Jackson', '€27,15', 'Sierra Valley Mousetail'),
('Clarie', '€24,28', 'Hibberson\'s Trillium'),
('Mariana', '€64,61', 'Altai Wildrye'),
('Kamila', '€89,92', 'Chaparral Dodder'),
('Sonnnie', '€70,56', 'Smooth Rupturewort'),
('Izak', '€75,75', 'Robinson\'s Onion'),
('Therese', '€28,98', 'Hyperbaena'),
('Sheba', '€83,57', 'Grimmia Orange Lichen'),
('Antoine', '€25,01', 'Clammy Hedgehyssop'),
('Devon', '€96,24', 'Ridgetop Naupaka'),
('Rhianna', '€20,40', 'Flaccidgrass'),
('Heather', '€64,34', 'Slender Tarweed'),
('Ettore', '€65,83', 'Pale Nitrogen Moss'),
('Tabbie', '€53,16', 'Braunton\'s Milkvetch'),
('Ev', '€48,08', 'San Joaquin Milkvetch'),
('Willetta', '€79,80', 'Flor De Pasmo'),
('Cherice', '€32,58', 'Ciliate Saxifrage'),
('Maybelle', '€70,26', 'Hairy Johnnyberry'),
('Carlyn', '€41,92', 'Narrowleaf Bluecurls'),
('Leigh', '€24,20', 'Meadow Knapweed'),
('Trenna', '€74,09', 'Carpet Phlox'),
('Zoe', '€66,14', 'Phlox'),
('Abbi', '€75,60', 'Keeled Wormseed'),
('Joan', '€42,66', 'Hall\'s Lung Lichen'),
('Sheree', '€51,80', 'Bog Rosette Grass'),
('Juliet', '€70,41', 'Simple Campion'),
('Keven', '€94,62', 'Sensitive Partridge Pea'),
('Nikola', '€97,11', 'Hygrohypnum Moss'),
('Cathleen', '€28,51', 'Wooton\'s Sedge'),
('Gunter', '€59,11', 'Costa Baja Phacelia'),
('Phillip', '€38,19', 'Stiff Pea'),
('Katrinka', '€34,92', 'Rough Buttonweed'),
('Meyer', '€37,72', 'Thicket Panicgrass'),
('Sallyanne', '€53,14', 'Bracted Bedstraw'),
('Scotty', '€89,09', 'Racodium Lichen'),
('Faustine', '€61,46', 'Wooton\'s Threeawn'),
('Cristabel', '€66,91', 'Greater Masterwort'),
('Teddie', '€50,45', 'Meehan\'s Mint'),
('Candie', '€81,96', 'Dwarf Azalea'),
('Milt', '€63,95', 'Foxglove'),
('Lombard', '€71,22', 'Colorado Four O\'clock'),
('Catarina', '€24,05', 'Hog Plum'),
('Henry', '€98,65', 'Wright\'s Jaffueliobryum Moss'),
('Leon', '€37,47', 'Labrador Willow'),
('Bibby', '€30,27', 'Small\'s Southern Clarkia'),
('Chlo', '€35,57', 'Texas Snoutbean'),
('Deborah', '€64,84', 'Yellow Pincushion'),
('Kenneth', '€99,58', 'Maccart\'s Sundrops'),
('Belita', '€80,93', 'Tree Anemone'),
('Ximenez', '€50,64', 'Waianae Range Lobelia'),
('Killian', '€91,12', 'Koehler\'s Rockcress'),
('Kessiah', '€47,75', 'Jeweled Maiden Fern'),
('Flory', '€47,04', 'Mount Shasta Jacob\'s-ladder'),
('Laura', '€78,25', 'Pinkscale Blazing Star'),
('Wilt', '€38,45', 'Pacific Manzanita'),
('Devon', '€84,25', 'Native Sedge'),
('Shadow', '€21,05', 'Guadalupe Cryptantha'),
('Madelon', '€67,08', 'Anchored Water Hyacinth'),
('Giulio', '€82,87', 'Mucronate Sprangletop'),
('Cecile', '€56,75', 'Hickman\'s Knotweed'),
('Robinet', '€98,52', 'Pholisma'),
('Jeno', '€72,46', 'Dot Lichen'),
('Antonietta', '€90,56', 'Southern Colicroot'),
('Kaye', '€81,35', 'Garland-lily'),
('Dore', '€28,11', 'Giant Ironweed'),
('Mylo', '€74,20', 'Maui Islandmint'),
('Sherilyn', '€47,49', 'Entodon Moss'),
('Donnell', '€88,43', 'Golden Madia'),
('Danell', '€92,09', 'Palmer\'s Grapplinghook'),
('Tammi', '€31,49', 'King Orchid'),
('Toby', '€58,75', 'Willow Dock'),
('Ephrem', '€24,84', 'Sinningia'),
('Olag', '€94,54', 'Leechleaf Cyanea'),
('Hayes', '€91,03', 'Cedar Rosette Grass'),
('Briano', '€20,09', 'Anil Falso'),
('Clotilda', '€28,47', 'Texas Cornsalad'),
('Adan', '€74,37', 'Roccella Lichen'),
('Glad', '€72,69', 'Mealy Lichen'),
('Johannes', '€91,17', 'Kidney Lichen'),
('Gradey', '€77,15', 'Strawberry Saxifrage'),
('Grayce', '€87,00', 'Rinodina Lichen'),
('Karine', '€85,57', 'Whitethorn Acacia'),
('Myrtie', '€60,01', 'Paradise Tansymustard'),
('Raimund', '€69,86', 'Twocrested Milkvetch'),
('Norbie', '€28,28', 'Mycoglaena'),
('Cherie', '€54,81', 'Pascuita'),
('Dun', '€93,32', 'Porter\'s False Needlegrass'),
('Brunhilde', '€37,63', 'King Bladderpod'),
('Leighton', '€48,81', 'Reindeer Lichen'),
('Halette', '€96,47', 'Littleleaf False Tamarind'),
('Nertie', '€33,52', 'Goldenrod'),
('Rafael', '€42,70', 'Kellogg\'s Monkeyflower'),
('Pincas', '€54,71', 'Bulbous Airplant'),
('Gregorio', '€70,06', 'Guavaberry'),
('Harold', '€40,91', 'Campylopus Moss'),
('Laird', '€38,07', 'Netleaf Willow'),
('Kacey', '€30,88', 'Pinewoods Spiderwort'),
('Scarface', '€67,25', 'Rattlesnakemaster'),
('Darnell', '€20,79', 'Tropical Almond'),
('Charline', '€87,36', 'Red Ribbons'),
('Aileen', '€47,45', 'Pungent Brickellbush'),
('Claudine', '€20,57', 'Needle Lichen'),
('Culley', '€96,23', 'African Boxthorn'),
('Salomo', '€65,90', 'Crimson Clover'),
('Cullin', '€34,86', 'Margarett\'s Clearweed'),
('Sasha', '€35,36', 'Cliff Muhly'),
('Celestyna', '€29,99', 'Dutilly\'s Birch'),
('Xerxes', '€52,13', 'Common Woolly Sunflower'),
('Maudie', '€92,73', '\'ohi\'a Lehua'),
('Meagan', '€33,04', 'Woolly Bellflower'),
('Randee', '€34,82', 'Fire Vine'),
('Adrian', '€30,50', 'Posey County Blackberry'),
('Auberta', '€93,54', 'California Ash'),
('Genovera', '€63,48', 'Wiggins\' Swallow-wort'),
('Faulkner', '€57,21', 'Bryum Moss'),
('Saundra', '€82,17', 'Roundleaf Thoroughwort'),
('Garvin', '€98,16', 'Park Milkvetch'),
('Hillery', '€63,47', 'Star Campylium Moss'),
('Janeen', '€24,91', 'Cliff Bittercress'),
('Ellette', '€63,11', 'Upland Boneset'),
('Jerrine', '€76,89', 'Rigiopappus'),
('Bucky', '€97,87', 'Sweet Shaggytuft'),
('Tamarah', '€46,98', 'Hoary Blackfoot'),
('Shela', '€98,28', 'Caribbean Mayten'),
('Oralie', '€76,47', 'Eucalypt Eugenia'),
('Calv', '€69,32', 'Leather Oak'),
('Melissa', '€28,97', 'Pitseed Goosefoot'),
('Johanna', '€75,46', 'White Rattlesnakeroot'),
('Lian', '€53,01', 'Hedgehog Pricklypoppy'),
('Mead', '€67,04', 'Floating Primrose-willow'),
('Neille', '€98,60', 'Colorado Woodrush'),
('Lothario', '€25,77', 'Tall Tonguefern'),
('Rozalie', '€50,77', 'Silverskin Lichen'),
('Giorgio', '€80,63', 'Lace Hedgehog Cactus'),
('Cirstoforo', '€56,92', 'American Tarwort'),
('Bliss', '€20,62', 'Coastal Carolina Spiderlily'),
('Natalya', '€87,05', 'Yellow-horn'),
('Dyane', '€96,04', 'Adam And Eve'),
('Katusha', '€99,77', 'Common Balm'),
('Stacey', '€70,75', 'Hilgard\'s Suncup'),
('Abramo', '€70,09', 'Fairypoppy'),
('Rooney', '€90,76', 'Pohlia Moss'),
('Hamnet', '€81,45', 'Bitter Fleabane'),
('Nat', '€80,16', 'Desert Willow'),
('Lek', '€64,64', 'Missouri Ironweed'),
('Antoine', '€26,53', 'Crocus'),
('Cullie', '€24,68', 'Purpleflower Blacksnakeroot'),
('Trumann', '€48,17', 'White False Hellebore'),
('Arel', '€32,09', 'Hawai\'i Quillwort'),
('Gabe', '€75,21', 'Tortella Moss'),
('Archaimbaud', '€55,01', 'Scratchthroat'),
('Nina', '€53,56', 'Cup Lichen'),
('Fair', '€78,28', 'Gunnison Milkvetch'),
('Magnum', '€81,23', 'Douglas\' Meadowfoam'),
('Kacey', '€72,00', 'Wart Lichen'),
('Noland', '€28,63', 'Knob Sedge'),
('Viviene', '€44,21', 'Stalkless Yellowcress'),
('Prentice', '€39,63', 'False Bird Of Paradise'),
('Lonnard', '€36,49', 'Gyalectidium Lichen'),
('Adham', '€27,56', 'Butterfly Violet'),
('Karol', '€71,30', 'Hygroamblystegium Moss'),
('Liana', '€94,15', 'Bur Cucumber'),
('Pen', '€90,36', 'Shinyleaf Currant'),
('Polly', '€56,52', 'Ornate Anzia Lichen'),
('Monah', '€33,38', 'Rose Of Plymouth'),
('Costanza', '€56,20', 'Common Juniper'),
('Benedetta', '€72,42', 'Antilles Spleenwort'),
('Merell', '€79,93', 'Naked Buckwheat'),
('Kristi', '€61,77', 'Grapefern'),
('Isabelita', '€45,59', 'Thickhead Sedge'),
('Robinette', '€46,70', 'Woodland Passionflower'),
('Mirilla', '€53,55', 'Frederick\'s Festulolium'),
('Ulises', '€91,88', 'Sanddune Cryptantha'),
('Clotilda', '€84,56', 'Waterton Lakes Cryptantha'),
('Norton', '€54,58', 'Silk-cotton Tree'),
('Valencia', '€68,20', 'Kerria'),
('Clayborn', '€90,62', 'Slender Passionflower'),
('Tobe', '€51,90', 'California Tortula Moss'),
('Katti', '€64,60', 'Dunkeld Larch'),
('Humfrid', '€64,76', 'Shortleaf Skeletongrass'),
('Chaunce', '€90,36', 'Cape Tulip'),
('Torey', '€82,33', 'Veiny Dock'),
('Bo', '€98,47', 'Dot Lichen'),
('Dniren', '€59,51', 'Giant Brake'),
('Ellwood', '€95,77', 'Weniger\'s Hedgehog Cactus'),
('Dianemarie', '€83,54', 'Longstalk Clover'),
('Julissa', '€42,19', 'Columbian Stitchwort'),
('Zorine', '€21,71', 'Malabar Kino'),
('Meryl', '€75,58', 'Douglas\' Mesamint'),
('Anastasie', '€87,92', 'Twinleaf'),
('Lorry', '€87,95', 'Isely\'s Stickpea'),
('Idalina', '€23,32', 'Dicranum Moss'),
('Ernesto', '€86,67', 'White Twinevine'),
('Sterne', '€84,80', 'Engelmann\'s Sedge'),
('Karen', '€63,12', 'Howell\'s Lewisia'),
('Alanna', '€25,34', 'Bigroot Springparsley'),
('Christie', '€39,77', 'White Silk Floss Tree'),
('Dorotea', '€94,79', 'Arsene\'s Buttercup'),
('Orazio', '€67,22', 'Rosarypea'),
('Alric', '€92,93', 'Relaxgrass'),
('Abel', '€77,79', 'Mata Gallina'),
('Templeton', '€64,66', 'Miniature Lupine'),
('Barbie', '€94,89', 'Pristimera'),
('Tristam', '€58,44', 'Palm'),
('Celine', '€49,12', 'Labillardiere\'s Clover'),
('Neddie', '€92,59', 'Scalloped Milkwort'),
('Dela', '€41,86', 'Torrey Pine'),
('Lise', '€50,18', 'White Milkwort'),
('Laney', '€68,42', 'Pomegranate'),
('Athene', '€22,20', 'Slender Bedstraw'),
('Hadrian', '€29,91', 'Dichodontium Moss'),
('Crysta', '€50,25', 'Santa Cruz Island Torrey Pine'),
('Merlina', '€27,61', 'Piedmont Barren Strawberry'),
('Abby', '€90,52', 'Teloschistes Lichen'),
('Shena', '€28,59', 'Arizona Fescue'),
('Grata', '€83,87', 'Rim Lichen'),
('Rosana', '€91,04', 'European Common Reed'),
('Nat', '€45,32', 'Maiden Pink'),
('Kimmi', '€90,58', 'False Mallow'),
('Eyde', '€30,50', 'Desertmountain Blue Eyed Mary'),
('Dyann', '€23,91', 'Argentine Sprangletop'),
('Bonni', '€67,64', 'Long Knight\'s-spur'),
('Coral', '€36,89', 'Eggleaf Rosette Grass'),
('Irv', '€52,79', 'Dock'),
('Jarrett', '€23,00', 'Buffalo Nut'),
('Morten', '€51,94', 'Bog Goldenrod'),
('Verina', '€69,89', 'Tall Tidytips'),
('Denny', '€31,27', 'Brachychiton'),
('Dynah', '€92,68', 'Sand Goldenrod'),
('Edmund', '€83,78', 'Cushion Buckwheat'),
('Twila', '€60,50', 'Slender Nutrush'),
('Siward', '€85,34', 'Pyrenocollema Lichen'),
('Emelia', '€45,49', 'Dot Lichen'),
('Floria', '€58,54', 'Piedmont Azalea'),
('Zaccaria', '€91,61', 'Alternateleaf Archidium Moss'),
('Donnie', '€61,07', 'California Alkaligrass'),
('Auguste', '€69,73', 'Longstalk Phacelia'),
('Clem', '€58,59', 'Alakai Swamp Violet'),
('Clemmie', '€65,65', 'Brownish Sedge'),
('Harman', '€56,96', 'Vitt Tube Lichen'),
('Meggy', '€39,87', 'Milo Baker\'s Cryptantha'),
('Helsa', '€23,96', 'Piedmont Azalea'),
('North', '€81,16', 'Alpine Waterleaf'),
('Dino', '€25,58', 'Cinnamon Fern'),
('Petronia', '€96,34', 'Arthothelium Lichen'),
('Larisa', '€33,12', 'Cache Valley Buckwheat'),
('Aldwin', '€91,22', 'Fig Buttercup'),
('Shaina', '€58,71', 'Dotted Onion'),
('Sauveur', '€60,44', 'Tracy\'s Hawthorn'),
('Bessy', '€29,37', 'Hybrid Oak'),
('Florentia', '€42,51', 'Blackthread Lichen'),
('Pen', '€26,05', 'May Hawthorn'),
('Concettina', '€38,94', 'False Mayweed'),
('Elysha', '€49,01', 'Torralbasia'),
('Neron', '€32,37', 'Appalachian False Goat\'s Beard'),
('Perle', '€56,67', 'Great Waterleaf'),
('Peter', '€44,32', 'Nardoo'),
('Vincent', '€79,85', 'Clubmoss'),
('Judie', '€45,67', 'Heartleaf Twistflower'),
('Abie', '€46,79', 'Sierra Ragwort'),
('Wrennie', '€53,25', 'Wasabi'),
('Heall', '€80,59', 'Arizona Rosewood'),
('Marrilee', '€28,01', 'Chinese Clubmoss'),
('Rozina', '€38,75', 'Common Snowberry'),
('Leonerd', '€47,05', 'Wonderberry'),
('Janine', '€98,78', 'Cachiyuyo'),
('Nicolis', '€41,16', 'Mock Parsley'),
('Cy', '€84,09', 'Wirth\'s Beard Lichen'),
('Neils', '€69,86', 'Hermit Milkvetch'),
('Kylynn', '€94,27', 'African Copaiba Balsam Tree'),
('Amye', '€90,02', 'Jaeger\'s Currant'),
('Aymer', '€41,36', 'Russian Water-milfoil'),
('Farr', '€62,16', 'Oxystegus Moss'),
('Sigfried', '€97,57', 'Temple Juniper'),
('Trisha', '€48,38', 'Common Rivergrass'),
('Gustavo', '€91,77', 'Script Lichen'),
('Anabel', '€29,58', 'Sugarberry'),
('Joela', '€58,34', 'Bulrush'),
('Marsha', '€73,10', 'Small Japanese Silver Grass'),
('Roy', '€34,46', 'Coville\'s Phlox'),
('Johan', '€21,30', 'Diffuse Clover'),
('Lucy', '€76,06', 'California Muhly'),
('Barrett', '€62,34', 'Dodonaea'),
('Betteann', '€100,00', 'Poet\'s Jasmine'),
('Lethia', '€60,67', 'California Helianthella'),
('Karlens', '€65,93', 'Tuckermannopsis Lichen'),
('Hussein', '€22,68', 'Western Sweetroot'),
('Rudd', '€21,05', 'Alpine Woodsorrel'),
('Rorke', '€39,03', 'Dwarf Rose'),
('Chevy', '€54,94', 'Arctic Lupine'),
('Sergeant', '€79,05', 'Kittitas Larkspur'),
('Jasmina', '€66,96', 'Fringeleaf Wild Petunia'),
('Seline', '€20,50', 'Myurella Moss'),
('Holli', '€55,03', 'American Oil Palm'),
('Selena', '€44,58', 'Bentonite Desertparsley'),
('Tamma', '€35,02', 'Garrett\'s Bladderpod'),
('Maressa', '€48,22', 'Cotton\'s Stickseed'),
('Zaria', '€28,33', 'Desert Ragwort'),
('Melania', '€48,24', 'Zwackhiomyces Lichen'),
('Darlene', '€89,89', 'Sotol'),
('Vannie', '€56,68', 'Roald\'s Locoweed'),
('Humphrey', '€87,03', 'Ophioparma Lichen'),
('Hobart', '€33,42', 'Tracy\'s Bluegrass'),
('Batsheva', '€49,14', 'Redring Milkweed'),
('Valentijn', '€68,07', 'Bare Monkeyflower'),
('Elka', '€47,53', 'Philadelphia Blackberry'),
('Hobart', '€74,57', 'Spotted Beebalm'),
('Zonnya', '€96,00', 'Bulrush'),
('Glenn', '€60,86', 'Bajada Lupine'),
('Ddene', '€92,72', 'Downy Lobelia'),
('Guinna', '€86,84', 'Lopleaf'),
('Clark', '€77,28', 'Drummond\'s Nailwort'),
('Maurise', '€66,44', 'Twoleaf Waterweed'),
('Janina', '€82,41', 'Leptobryum Moss'),
('Ewen', '€99,34', 'American Globeflower'),
('Lethia', '€31,78', 'Cartilage Lichen'),
('Cointon', '€64,50', 'Hedge False Bindweed'),
('Dane', '€67,74', 'California Swordfern'),
('Karylin', '€88,29', 'Mountain Alsinidendron'),
('Callie', '€68,46', 'Sticky Snakeweed'),
('Nariko', '€95,54', 'Heartleaf Saxifrage'),
('Brendon', '€70,45', 'Tibet Milkvetch'),
('Verna', '€40,00', 'Inland Rush'),
('Ambrose', '€97,58', 'Purpus\' Tumblemustard'),
('Clair', '€21,69', 'American Woollyfruit Sedge'),
('Isador', '€37,81', 'Santa Monica Lecidea Lichen'),
('Sarine', '€47,63', 'Bluestem'),
('Mei', '€89,43', 'Smooth Bur Cucumber'),
('Marybelle', '€35,14', 'Striped Abobe Lily'),
('Yetta', '€25,13', 'Betonyleaf Thoroughwort'),
('Roselle', '€57,71', 'Dotted Lichen'),
('Ariel', '€60,37', 'Globe Amaranth'),
('Woodrow', '€26,06', 'Southern Medick'),
('Pinchas', '€21,76', 'Blunt Spikerush'),
('Nicol', '€28,92', 'Stoneroot'),
('Adelheid', '€79,02', 'Elmleaf Blackberry'),
('Breena', '€62,15', 'Harlequin Monkeyflower'),
('Damita', '€70,09', 'Hakone Grass'),
('Gilda', '€22,34', 'Common Flax'),
('Tanny', '€36,40', 'Regal Pelargonium'),
('Nerty', '€67,85', 'Hypotrachyna Lichen'),
('Bambie', '€23,03', 'Krug\'s Peacock Orchid'),
('Deloris', '€41,14', 'Santa Catalina Prairie Clover'),
('Bea', '€94,43', 'Lindsey\'s Cyanea'),
('Early', '€69,97', 'Palouse Goldenweed'),
('Gizela', '€56,53', 'Spreadfruit Goldenbanner'),
('Stefanie', '€63,72', 'Yellowtuft'),
('Osgood', '€92,77', 'Common Hackberry'),
('Wynn', '€34,17', 'Slender Stitchwort'),
('Delainey', '€69,25', 'Silver Tussock'),
('Trumann', '€94,74', 'Reticulate Mycocalicium Lichen'),
('Ferdinand', '€91,07', 'Adlumia'),
('Carolee', '€32,92', 'Field Copperleaf'),
('Javier', '€73,01', 'Caribbean Caltrop'),
('Dunc', '€94,71', 'Oblong Bluecurls'),
('Waverly', '€74,40', 'Presidio Clarkia'),
('Dorothee', '€46,88', 'Lopsided Rush'),
('Cynthia', '€90,94', 'Rattan\'s Milkvetch'),
('Pat', '€52,24', 'King\'s Serpentweed'),
('Burl', '€39,94', 'Kilauea Pritchardia'),
('Melisenda', '€40,95', 'Laetia'),
('Peterus', '€53,61', 'Gyalectidium Lichen'),
('Guenevere', '€89,01', 'Yerba De Guava'),
('Perice', '€47,23', 'Weeping Fern'),
('Aldwin', '€80,42', 'Blueeyed Grass'),
('Kaja', '€98,18', 'Low Starbur'),
('Wolf', '€22,91', 'Mango'),
('Donall', '€80,05', 'Florida Fishpoison Tree'),
('Clarice', '€83,09', 'Starhorn'),
('Bertine', '€29,96', 'Fingertips'),
('Bette-ann', '€36,17', 'Wright\'s Cudweed'),
('Klara', '€51,04', 'Densespike Blazing Star'),
('Brendan', '€55,97', 'Spiny Combretum'),
('Max', '€75,08', 'Wahlenberg\'s Oncophorus Moss'),
('Asa', '€70,45', 'Idaho Fescue'),
('Vincent', '€67,00', 'Hophead Philippine Violet'),
('Jocelyn', '€90,70', 'Scarlet Cinquefoil'),
('Iona', '€99,48', 'Sheep Milkvetch'),
('Abner', '€32,84', 'Thurovia'),
('Micky', '€46,21', 'Desert Snowberry'),
('Skippy', '€96,22', 'Gray\'s Flatsedge'),
('Cherri', '€33,70', 'Phalsa'),
('Georas', '€54,21', 'James\' Willow'),
('Ced', '€76,68', 'Alabama Hawthorn'),
('Hyacinthia', '€90,24', 'Rush'),
('Connie', '€50,41', 'Lacy Tansyaster'),
('Aimee', '€30,26', 'Mexican Crinklemat'),
('Sal', '€62,20', 'Wrinkleleaf Goldenrod'),
('Ardisj', '€76,97', 'Fineflower Gilia'),
('Corette', '€50,89', 'Lakeshore Nutrush'),
('Sheryl', '€77,80', 'Tufted Alpine Saxifrage'),
('Inge', '€82,49', 'Coast Range Mule-ears'),
('Allyn', '€65,02', 'Cretan Bryony'),
('Paquito', '€65,11', 'Beard Lichen'),
('Sianna', '€20,30', 'Lanceleaf Anoda'),
('Murvyn', '€94,60', 'Hawkweed'),
('Andrus', '€77,86', 'Crescent Milkvetch'),
('Carita', '€92,11', 'Whorled Marshpennywort'),
('Carey', '€97,76', 'Bingen Lupine'),
('Kym', '€60,23', 'Shortleaf Skeletongrass'),
('Trey', '€74,65', 'American Funaria Moss'),
('Gerty', '€62,77', 'Paraguayan Starbur'),
('Robin', '€57,56', 'American Long-leaved Bamboo'),
('Tanitansy', '€93,57', 'Bud Sagebrush'),
('Rois', '€75,77', 'Cushion Foxtail Cactus'),
('Persis', '€44,20', 'Pricklyphlox'),
('Gloria', '€35,08', 'Indian Warrior'),
('Egor', '€92,99', 'Texas Grama'),
('Anjanette', '€20,56', 'Little Gilia'),
('Anetta', '€49,15', 'Fawnlily'),
('Innis', '€64,12', 'Dot Lichen'),
('Hobey', '€56,73', 'Bocconia'),
('Joanie', '€33,73', 'Pacific Anemone'),
('Jobye', '€42,30', 'San Francisco Blue Eyed Mary'),
('Bartolomeo', '€36,93', 'Bloodroot'),
('Carney', '€53,35', 'Eastern Mojave Buckwheat'),
('Dulcea', '€94,04', 'Reclined Gumweed'),
('Brinna', '€20,76', 'Urceolate Dactylospora Lichen'),
('Gallard', '€56,95', 'Konakona'),
('Francois', '€41,53', 'Curtis\' Phaeocalicium Lichen'),
('Rustin', '€34,29', 'Elegant Sweetclover'),
('Ardella', '€75,98', 'Sematophyllum Moss'),
('Becca', '€79,06', 'Dicranum Moss'),
('Martina', '€64,89', 'Tortula Moss'),
('Frasquito', '€58,34', 'Broadleaf Lupine'),
('Gualterio', '€28,44', 'Lip Maiden Fern'),
('Ollie', '€95,45', 'Bloody Butcher'),
('Court', '€22,91', 'Lyon\'s Hacksaw Fern'),
('Lorin', '€34,99', 'Redclay Hawthorn'),
('Grissel', '€39,28', 'Whitehead Navarretia'),
('Hill', '€46,50', 'Shaggy Blazing Star'),
('Ileana', '€35,25', 'Bushy Seaside Tansy'),
('Freddie', '€35,69', 'Pylaisiadelpha Moss'),
('Gris', '€36,30', 'White Cinnamon'),
('Carroll', '€27,78', 'Sandberg Bluegrass'),
('Calley', '€26,34', 'Fall Phlox'),
('James', '€56,57', 'Threeblossom Lidflower'),
('Zedekiah', '€67,64', 'Desert Yaupon'),
('Hetty', '€69,39', 'Narrow Swordfern'),
('Maritsa', '€60,65', 'San Diego Spineflower'),
('Bondon', '€67,70', 'Yellow Rose'),
('Seline', '€38,72', 'Northern Willowherb'),
('Seline', '€43,13', 'Greater Creeping Rush'),
('Chandra', '€81,79', 'Bering Chickweed'),
('Kipp', '€40,43', 'Mendocino Ceanothus'),
('Marina', '€24,17', 'Hamatocactus'),
('Loreen', '€59,07', '\'ihi'),
('Lewie', '€47,08', 'Cucumberleaf Sunflower'),
('Jarid', '€23,33', 'Taino Pisonia'),
('Shoshana', '€62,46', 'Lakeshore Sedge'),
('Neely', '€43,70', 'Palmer\'s Grapplinghook'),
('Valaria', '€97,78', 'Forest Climbing Bamboo'),
('Bailey', '€48,37', 'Menzies\' Goldenbush'),
('Fiorenze', '€93,46', 'Birch'),
('Aldridge', '€66,65', 'Floating Primrose-willow'),
('Brande', '€91,66', 'Arizona Stoneseed'),
('Maggi', '€79,88', 'Composite Dropseed'),
('Jock', '€32,22', 'Smooth Elephantsfoot'),
('Lion', '€99,79', 'Sorbaronia'),
('Lucho', '€79,56', 'Cup Plant'),
('Jock', '€28,01', 'Michelia'),
('Marvin', '€80,30', 'Starhorn'),
('Saunder', '€34,12', 'Sweetwilliam'),
('Paulo', '€98,00', 'Eremogone'),
('Burch', '€42,48', 'Rattan\'s Monkeyflower'),
('Roland', '€57,43', 'Bensoniella'),
('Kinsley', '€89,44', 'Havana Nutrush'),
('Vidovic', '€71,68', 'Sleepygrass'),
('Leupold', '€78,46', 'Eggers\' Nutrush'),
('Kim', '€78,66', 'Creole Tea'),
('Webb', '€63,37', 'Leatherfern'),
('Hartley', '€94,74', 'Lecidea Lichen'),
('Saundra', '€75,49', 'Watson\'s Prickly Phlox'),
('Nonna', '€68,39', 'Plantainleaf Buttercup'),
('Morly', '€74,70', 'Lesser Butter And Eggs'),
('Tommy', '€29,85', 'Saltwater False Willow'),
('Vin', '€86,74', 'Caribbean Tonguefern'),
('Harlan', '€43,89', 'Hoarypea'),
('Fayth', '€24,47', 'Tusayan Fameflower'),
('Kenny', '€83,20', 'Hairy Bonnet Orchid'),
('Harmon', '€94,83', 'Colorado Tansyaster'),
('Hashim', '€98,70', 'Light Yellow Lupine'),
('Lela', '€70,76', 'Dwarf Mountain Lupine'),
('Robyn', '€78,07', 'African Morningvine'),
('Weidar', '€38,94', 'Threehearts'),
('Cindra', '€66,90', 'Chinese Clubmoss'),
('Manuel', '€43,46', 'Widowstears'),
('Skipp', '€53,80', 'Honeyweed'),
('Rollo', '€58,10', 'Sugarstick'),
('Granger', '€49,51', 'Dubautia'),
('Sydelle', '€42,25', 'Pincushion Tree'),
('Cristina', '€81,22', 'Russeola Rockcress'),
('Arlana', '€48,97', 'Brussels Sprouts'),
('Joy', '€62,87', 'Coastal Plain Goldenaster'),
('Davina', '€53,09', 'Moffatt\'s Beardtongue'),
('Lonna', '€20,39', 'Menzies\' Goldenbush'),
('Adrian', '€36,47', 'Texas Lespedeza'),
('Ronnie', '€73,10', 'Constance\'s Bittercress'),
('Phyllis', '€34,93', 'Appalachian False Goat\'s Beard'),
('Ynes', '€65,46', 'Yucca'),
('Ermina', '€38,76', 'Spiderwort'),
('Jenilee', '€92,11', 'Birdcage Evening Primrose'),
('Christyna', '€79,87', 'Beard Lichen'),
('Gallard', '€21,77', 'Porknut'),
('Cris', '€47,64', 'Chilean Needlegrass'),
('Rhianna', '€94,10', 'Pitcherplant'),
('Lilas', '€84,00', 'Woolly Catchfly'),
('Carmel', '€78,89', 'Star Sedge'),
('Moll', '€54,82', 'Gila Rockdaisy'),
('Grace', '€77,17', 'Drummond\'s Ptychomitrium Moss'),
('Carree', '€86,88', 'Smoothfruit Chewstick'),
('Sax', '€34,81', 'Arizona Pottia Moss'),
('Ethan', '€68,35', 'Slim Milkweed'),
('Charissa', '€78,39', 'Rooted Poppy'),
('Merrie', '€41,75', 'Bolander\'s Bedstraw'),
('Omero', '€59,45', 'Sequoia Mycocalicium Lichen'),
('Yehudi', '€95,63', 'False Indigo'),
('Olympie', '€62,84', 'Lettuce'),
('Rancell', '€71,09', 'Cetraria Lichen'),
('Aridatha', '€49,01', 'Bluejack Oak'),
('Felecia', '€58,46', '\'ekoko'),
('Leticia', '€48,31', 'Low Alpine Hawkweed'),
('Ardine', '€47,32', 'Bee-bee Tree'),
('Kissie', '€45,56', 'American Smoketree'),
('Camellia', '€20,85', 'Nuttall\'s Rockcress'),
('Peirce', '€76,68', 'Sierra Saxifrage'),
('Agathe', '€91,27', 'Nemoca'),
('Agretha', '€56,41', 'Elegant Piperia'),
('Jody', '€58,74', 'Saunders\' Widelip Orchid'),
('Gnni', '€83,82', 'Purple Fawnlily'),
('Roanne', '€80,54', 'Goat Pea'),
('Aleta', '€20,42', 'Guaje'),
('Tomasina', '€95,29', 'Bottomland Post Oak'),
('Mitch', '€29,86', 'Wahlenberg\'s Pohlia Moss'),
('Enriqueta', '€33,29', 'Delonix'),
('Fabian', '€87,84', 'Panamint Mountain Mariposa Lily'),
('Joycelin', '€89,32', 'Sierra Milkwort'),
('Nataniel', '€79,25', 'Parmotrema Lichen'),
('Thomasa', '€86,72', 'Barbula Moss'),
('Siusan', '€66,94', 'Jeruselem Thorn'),
('Pancho', '€78,49', 'Illinois Bundleflower'),
('Aaron', '€24,04', 'False Flax'),
('Wallace', '€88,67', 'Little Nipple Cactus'),
('Francesco', '€66,30', 'Thelidium Lichen'),
('Isabelita', '€69,50', 'Disc Lichen'),
('Marcela', '€56,00', 'Beatley\'s Clover'),
('Bogart', '€90,21', 'Wolfstail'),
('Annalee', '€89,46', 'Coast Indian Paintbrush'),
('Wit', '€55,98', 'Southern Fimbry'),
('Carleen', '€73,92', 'Peruvian Dodder'),
('Erinn', '€52,79', 'Amblyodon Moss'),
('Rudy', '€29,69', 'Pseudopanax'),
('Chiquia', '€21,75', 'Western Mountain Aster'),
('Valle', '€44,76', 'Hybrid Violet'),
('Molli', '€25,03', 'Bryum Moss'),
('Charlotta', '€60,52', 'Southern Globethistle'),
('Jens', '€59,85', 'Corkbark Fir'),
('Burg', '€23,17', 'Tapertip Spleenwort'),
('Therese', '€59,84', 'Sarea Lichen'),
('Lianne', '€58,95', 'Red Monkeyflower'),
('Case', '€62,43', 'Sand Milkweed'),
('Merrick', '€45,02', 'Banksia'),
('Gayla', '€46,78', 'Marlin Beaksedge'),
('Carter', '€53,82', 'Arctic Alpine Forget-me-not'),
('Jarrid', '€46,82', 'Small Green Wood Orchid'),
('Berty', '€59,48', 'Coiled Lousewort'),
('Marne', '€96,62', 'Alpine Dustymaiden'),
('Bartholomeo', '€84,86', 'Muehlenbeck\'s Dicranum Moss'),
('Ailey', '€66,34', 'Cheesewood'),
('Padgett', '€76,39', 'Royal Tonguefern'),
('Richardo', '€24,09', 'Florida Yellowcress'),
('Rasia', '€60,28', 'Button Eryngo'),
('Ossie', '€98,41', 'Neese\'s Blue Mountain Beardtongue'),
('Beverlee', '€89,21', 'Parish\'s Sunflower'),
('Shadow', '€51,30', 'Cyrto-hypnum Moss'),
('Mignonne', '€66,47', 'Grugru Palm'),
('Valentine', '€50,69', 'Mexican Arrowwood'),
('Myrtia', '€42,49', 'Chiricahua Mountain Dwarf Gentian'),
('Carmen', '€21,71', 'Groundcover Milkvetch'),
('Frayda', '€92,28', 'Ferngrass'),
('Halette', '€63,76', 'Florida Sunflower'),
('Ardelle', '€61,67', 'Sawtooth Sandmat'),
('Llywellyn', '€70,09', 'Oppositeleaf Russian Thistle'),
('Bride', '€25,42', 'Orange Bush Monkeyflower'),
('Rowland', '€69,86', 'Palo De Hueso'),
('Vassily', '€27,29', 'Needle Beaksedge'),
('Dolly', '€22,78', 'Woollyleaf Manzanita'),
('Stevana', '€30,51', 'Mt. Eddy Lupine'),
('Orion', '€51,20', 'Crater Lichen'),
('Timofei', '€88,21', 'Purple-petal Bog Orchid'),
('Roley', '€66,98', 'Mojave Kingcup Cactus'),
('Wernher', '€76,26', 'Arthothelium Lichen'),
('Torey', '€51,65', 'Lyrate Rockcress'),
('Perrine', '€51,76', 'Wildrye'),
('Roxi', '€95,25', 'Maroonspot Calicoflower'),
('Eadmund', '€83,76', 'Valley Head Hawthorn'),
('Mano', '€49,41', 'Heather'),
('Wanda', '€55,09', 'Compact Earth Lichen'),
('Fredia', '€26,35', 'Witchgrass'),
('Sigismund', '€99,10', 'Rusby\'s Primrose'),
('Angeline', '€72,15', 'Hairy Wild Coffee'),
('Donn', '€94,95', 'Pipturus'),
('Grethel', '€68,25', 'Link\'s Coenogonium Lichen'),
('Fitzgerald', '€25,17', 'Flameberry'),
('Lizabeth', '€89,56', 'Brazilian Dwarf Morning-glory'),
('Jeremy', '€42,09', 'Plitt\'s Xanthoparmelia Lichen'),
('Marty', '€43,65', 'Chenopod Brickellbush'),
('Quinta', '€20,59', 'Zigzag Bladderwort'),
('Darrel', '€33,15', 'Malcolmia'),
('Chelsy', '€84,25', 'Leche De Perra'),
('Ortensia', '€41,06', 'Alakai Swamp Island-daisy'),
('Crichton', '€83,34', 'Sullivan City Flax'),
('Zulema', '€81,09', 'Chihuahuan Lovegrass'),
('Mab', '€84,37', 'Tapertip Cupgrass'),
('Shaw', '€55,02', 'Peregrina'),
('Farrell', '€26,47', 'Jusillo'),
('Granville', '€83,80', 'Hernando County Noddingcaps'),
('Alfi', '€24,77', 'House Range Primrose'),
('Dorthy', '€51,18', 'Trans-pecos Five Eyes'),
('Bevon', '€59,17', 'Southern Brackenfern'),
('Maurene', '€84,34', 'Garcinia'),
('Lindsay', '€90,24', 'Whiteflower Albizia'),
('Marta', '€92,05', 'Musky Stork\'s Bill'),
('Rad', '€57,15', 'California Angelica'),
('Eadie', '€90,86', 'Lakeshore Sedge'),
('Lilas', '€76,25', 'Weeping Gum'),
('Parsifal', '€76,96', 'Western Brackenfern'),
('Norry', '€32,89', 'Cooper\'s Cyathea'),
('Valene', '€28,20', 'Physciella'),
('Diann', '€52,73', 'Wart Lichen'),
('Stearne', '€35,06', 'Beckwith\'s Milkvetch'),
('Sammy', '€43,67', 'Alpine Bulrush'),
('Barbi', '€49,76', 'Drooping Timber Bamboo'),
('Mirella', '€26,08', 'Yellow Indian Mallow'),
('Abbey', '€88,14', 'Pseudoleskea Moss'),
('Verene', '€97,05', 'Coughbush'),
('Lidia', '€59,77', 'Roadside Crabgrass'),
('Jemmy', '€20,33', 'Lija'),
('Raina', '€35,67', 'Tuckerman\'s Pondweed'),
('Annalise', '€25,52', 'Shaggy Soldier'),
('Birch', '€88,72', 'Hartweg\'s Beardtongue'),
('Darda', '€24,64', 'Hardee Peppertree'),
('William', '€42,60', 'Banana Passionflower'),
('Heinrick', '€80,75', 'Western Tansymustard'),
('Lucien', '€89,95', 'Beaked Mock Vervain'),
('Elwira', '€26,83', 'Waianae Range Dubautia'),
('Hilton', '€51,51', 'Phaeorrhiza Lichen'),
('Chickie', '€63,31', 'Shortstyle Draba'),
('Mannie', '€52,30', 'Stinking Iris'),
('Rowena', '€42,43', 'Java Plum'),
('Dicky', '€26,13', 'Longleaf Starwort'),
('Mal', '€44,12', 'Bladderwort'),
('Sophie', '€55,69', 'Bayberry Willow'),
('Roman', '€85,35', 'Sugar Maple'),
('Thor', '€36,83', 'Wart Lichen'),
('Laurella', '€73,42', 'California Brodiaea'),
('Erik', '€97,25', 'Terminalia'),
('Sara', '€38,90', 'Dove Weed'),
('Arleta', '€27,95', 'Marrat\'s Bryum Moss'),
('Rose', '€31,47', 'Thick Ditch Crowngrass'),
('Danielle', '€30,33', 'Tweedy\'s Cat\'s Ear'),
('Layton', '€49,46', 'Harsh Dewberry'),
('Eugene', '€62,30', 'Roth\'s Andreaea Moss'),
('Lucian', '€90,04', 'Wildrye'),
('Danny', '€42,35', 'Rough Stoneseed'),
('Gregory', '€32,78', 'Water Horsetail'),
('Arni', '€67,17', 'Marbled Wildginger'),
('Maurie', '€42,36', 'Cape Sable Thoroughwort'),
('Cirillo', '€97,49', 'Northern Bugleweed'),
('Jeromy', '€30,97', 'Sweetscented Pigeonwings'),
('Whittaker', '€26,22', 'Hornwort'),
('Julianna', '€23,10', 'Bengal Coffee'),
('Mac', '€59,08', 'Cup Lichen'),
('Lynnelle', '€70,84', 'Tall Horned Beaksedge'),
('Jillana', '€89,72', 'Wild Sweetwilliam'),
('Mariel', '€40,67', 'Angleleaf Miterwort'),
('Evaleen', '€63,19', 'Mecranium'),
('Leese', '€34,35', 'Flatbud Pricklypoppy'),
('Di', '€52,13', 'Narrow-leaf Hopbush'),
('Adham', '€71,34', 'Chimissso\'s Orchid'),
('Augusto', '€47,71', 'California Four O\'clock'),
('Leontyne', '€41,47', 'Delissea'),
('Burch', '€32,63', 'Payson\'s Pepperweed'),
('Yetta', '€79,40', 'Goldenrod'),
('Benedicta', '€64,59', 'Common Woodrush'),
('Cleo', '€94,86', 'Lantana'),
('Woodman', '€83,01', 'Reverchon\'s Spikerush'),
('Chet', '€33,76', 'Beruquillo'),
('Roldan', '€98,95', 'Great Chickweed'),
('Karyl', '€41,94', 'Malaysian Apple'),
('Brett', '€49,01', 'Japanese Larch'),
('Giuditta', '€23,94', 'Fremont\'s Goosefoot'),
('Kermy', '€69,85', 'Clipped Wild Buckwheat'),
('Roshelle', '€98,46', 'Woodland Pinkroot'),
('Tommy', '€91,29', 'San Luis Obispo Spineflower'),
('Katerine', '€71,77', 'Sierra Currant'),
('Aloin', '€50,65', 'False Mastic'),
('Carol', '€63,88', 'Sugar Apple'),
('Sinclare', '€45,44', 'Marigold'),
('Philippine', '€81,76', 'Marijuana'),
('Florinda', '€49,24', 'Gray\'s Angelica'),
('Rosabella', '€72,36', 'Water Arum'),
('Doretta', '€58,63', 'Bristly Greenbrier'),
('Cesare', '€63,67', 'Splitleaf Cyanea'),
('Emily', '€37,46', 'Autumn Zephyrlily'),
('Christal', '€76,60', 'Red Maiden Fern'),
('Arvie', '€66,65', 'Narrowleaf Purple Everlasting'),
('Mitchell', '€51,70', 'Jelly Lichen'),
('Bertie', '€87,92', 'Papershell Pinyon'),
('Tyrone', '€37,16', 'Aloina Moss'),
('Graeme', '€81,53', 'Streamside Bryum Moss'),
('Laurella', '€29,63', 'Myrosma'),
('Sashenka', '€41,17', 'Bolander\'s Mock Dandelion'),
('Bobby', '€51,15', 'Front Range Milkvetch'),
('Michal', '€41,16', 'Snowline Wintergreen'),
('Reuven', '€31,33', 'Cottam\'s Milkvetch'),
('Rochelle', '€90,83', 'Drummond\'s Skullcap'),
('Gabriell', '€57,73', 'Mansfield Hawthorn'),
('Darb', '€40,79', 'Deformed Beard Lichen'),
('Evered', '€95,07', 'Great Plains White Fringed Orchid'),
('Charlotte', '€31,10', 'Sharp\'s Club Lichen'),
('Zoe', '€65,73', 'Eatonella'),
('Natale', '€40,72', 'Goldencarpet Buckwheat'),
('Carey', '€94,47', 'Plummer\'s Candyleaf'),
('Andrea', '€22,83', 'Pore Lichen'),
('Kiersten', '€57,28', 'Snow Lichen'),
('Hort', '€97,81', 'Rio Grande Skullcap'),
('Scarface', '€71,71', 'Chamisso\'s Lousewort'),
('Ardisj', '€97,71', 'Capillary Hairsedge'),
('Joe', '€95,55', 'Yerba De Guava Falso'),
('Windy', '€43,66', 'Taxiphyllum Moss'),
('Hanson', '€58,89', 'Great Lakes Sandcherry'),
('Melina', '€41,13', 'Zephyrlily'),
('Vin', '€70,02', 'Sweetjuice'),
('Bret', '€30,36', 'Indian Blanket'),
('Jennie', '€75,61', 'Prairie Bluebells'),
('Modesta', '€53,07', 'Floating Watermoss'),
('Morgun', '€93,56', 'Fendler\'s Sandwort'),
('Aryn', '€80,73', 'Clasping Yellowtops'),
('Lynnelle', '€23,72', 'Livermore Sandwort'),
('Alisha', '€25,85', 'Maraca Roja'),
('Westbrooke', '€26,12', 'White Shootingstar'),
('Felizio', '€68,15', 'Cutleaf Nightshade'),
('Neille', '€32,72', 'King\'s Sandwort'),
('Ly', '€86,54', 'Maui Tetramolopium'),
('Morie', '€77,68', 'San Luis Obispo Serpentine Dudleya'),
('Yalonda', '€27,74', 'Barbados Cherry'),
('Channa', '€79,66', 'Lucretia Dewberry'),
('Adam', '€47,84', 'Goldencarpet'),
('Casper', '€87,18', 'Grand Canyon Glowweed'),
('Imogene', '€24,00', 'Rosinweed Sunflower'),
('Adelaide', '€94,92', 'Pore Lichen'),
('Brooks', '€87,69', 'Sweetclover'),
('Deanne', '€24,29', 'Whited\'s Fissurewort'),
('Culver', '€88,20', 'Rayless Tidytips'),
('Roseann', '€21,73', 'Kalia'),
('Neall', '€32,32', 'Toothleaf Goldeneye'),
('Halsey', '€94,21', 'Onyx Peak Bedstraw'),
('Brucie', '€80,23', 'Green Sprangletop'),
('Rhett', '€42,33', 'Mountain Heartleaf'),
('Lucas', '€48,85', 'Hypnum Moss'),
('Allie', '€51,46', 'Seaside Beebalm'),
('Leigha', '€35,78', 'Clammy Locust'),
('Frederigo', '€21,78', 'Coastal Cryptantha'),
('Anson', '€53,49', 'Dwarf Wakerobin'),
('Maxie', '€93,58', 'Appalachian Gooseberry'),
('Ad', '€42,41', 'Rabbitbrush'),
('Michale', '€52,97', 'Seaside Joyweed'),
('Tiffany', '€40,14', 'Schaffner\'s Wattle'),
('Maxy', '€73,61', 'Pale Poppy'),
('Augusto', '€59,48', 'Cup Lichen'),
('Gib', '€44,72', 'Pascuita'),
('Winna', '€72,81', 'Cusick\'s Bluegrass'),
('Gwendolyn', '€43,41', 'Mealy Lichen'),
('Joline', '€65,26', 'Redgum'),
('Tova', '€45,80', 'Rio Grande Greenthread'),
('Conway', '€44,65', 'Hairy Forked Nailwort'),
('Teresa', '€47,08', 'Dotted Fern'),
('Olivier', '€21,72', 'Alpine Pondweed'),
('Emlen', '€39,81', 'Black Bristlegrass'),
('Gaile', '€87,21', 'Tutwiler\'s Spleenwort');

-- --------------------------------------------------------

--
-- Estructura de tabla para la tabla `sesion`
--

CREATE TABLE `sesion` (
  `usuario` varchar(100) NOT NULL,
  `contraseña` varchar(100) NOT NULL,
  `id_sesion` varchar(100) NOT NULL
) ENGINE=InnoDB DEFAULT CHARSET=utf8mb4;

--
-- Volcado de datos para la tabla `sesion`
--

INSERT INTO `sesion` (`usuario`, `contraseña`, `id_sesion`) VALUES
('fguemor', '40bd001563085fc35165329ea1ff5c5ecbdbbeef', 'm8gtp4hn0un3fv0ib7im2nevd5'),
('RocioGala', 'b665e217b51994789b02b1838e730d6b93baa30f', 'd4vsi3tq2o1mb4c68djg6kclci'),
('RocioGala', 'b665e217b51994789b02b1838e730d6b93baa30f', 'qq88pr7f2os6cq6mga5g2gvop9'),
('fguemor', '40bd001563085fc35165329ea1ff5c5ecbdbbeef', 'omi5p9pmmr08gso1p4bnnn2kr4'),
('fguemor', '40bd001563085fc35165329ea1ff5c5ecbdbbeef', 'jhi58qcr03s8g357vi7lviumvq'),
('fguemor', '40bd001563085fc35165329ea1ff5c5ecbdbbeef', '6g9ueetsssf10dg1j5b7io0ile'),
('RocioGala', 'b665e217b51994789b02b1838e730d6b93baa30f', 'hf9kst17gv9a6m0e9n9ue788fs'),
('RocioGala', 'b665e217b51994789b02b1838e730d6b93baa30f', 'vflb5gtab8hrv9lg72vir4bnpi'),
('fguemor', '40bd001563085fc35165329ea1ff5c5ecbdbbeef', '6u16knif2062f2olea0gfbqrao'),
('fguemor', '40bd001563085fc35165329ea1ff5c5ecbdbbeef', '608m12oqqmaov2385o6i7jaglr'),
('fguemor', '40bd001563085fc35165329ea1ff5c5ecbdbbeef', 'l9qprba1tikvopdvfcjobebc6g'),
('fguemor', '40bd001563085fc35165329ea1ff5c5ecbdbbeef', '07lumhs82pppn7b17fovk9s3c5'),
('fguemor', '40bd001563085fc35165329ea1ff5c5ecbdbbeef', 'dckna7dro38tnbpvca3mp45e09'),
('fguemor', '40bd001563085fc35165329ea1ff5c5ecbdbbeef', 'cf3ck5cqriqq148q7rt8gvbr30'),
('fguemor', '40bd001563085fc35165329ea1ff5c5ecbdbbeef', '010s6kc1384tcai7o90950uc24'),
('fguemor', '40bd001563085fc35165329ea1ff5c5ecbdbbeef', 'kspp8m3suhp93f9ms6fc80p3v7'),
('fguemor', '40bd001563085fc35165329ea1ff5c5ecbdbbeef', '58abnf0h3i5v5kftq2jp5ti3v0'),
('fguemor', '40bd001563085fc35165329ea1ff5c5ecbdbbeef', '77plcvko3ao0do43mkr0dgujdi'),
('fguemor', '40bd001563085fc35165329ea1ff5c5ecbdbbeef', '51i7n81i2125gdsitk3b6l0tfd'),
('fguemor', '40bd001563085fc35165329ea1ff5c5ecbdbbeef', 'atfr63kpoqiciurrlihlhitc04'),
('fguemor', '40bd001563085fc35165329ea1ff5c5ecbdbbeef', '9enb73n5gomc07jue82ojlh3q0'),
('fguemor', '40bd001563085fc35165329ea1ff5c5ecbdbbeef', 'jgp6plb3tp9kbaos2is9k2ierm'),
('fguemor', '40bd001563085fc35165329ea1ff5c5ecbdbbeef', 'msl4974qhb6crs9k1k5561d6h3'),
('fguemor', '40bd001563085fc35165329ea1ff5c5ecbdbbeef', '4em74q1e8q867utdj5jsdtoedv'),
('fguemor', '40bd001563085fc35165329ea1ff5c5ecbdbbeef', 'r3ca4auamn7nj33j9i0df65uep'),
('fguemor', '40bd001563085fc35165329ea1ff5c5ecbdbbeef', 'mfqv68igueh0v5e8ir4a8e1afm'),
('fguemor', '40bd001563085fc35165329ea1ff5c5ecbdbbeef', '1r6d8ooh8cc56utjhe022frv81'),
('fguemor', '40bd001563085fc35165329ea1ff5c5ecbdbbeef', 'fj49pntn5p0v33tprrrfv49q4g'),
('fguemor', '40bd001563085fc35165329ea1ff5c5ecbdbbeef', 'btqfrq74fpptfuqqd7r6ql2ppu'),
('fguemor', '40bd001563085fc35165329ea1ff5c5ecbdbbeef', 'e3pmvvgal79tocgrublv0utfog'),
('fguemor', '40bd001563085fc35165329ea1ff5c5ecbdbbeef', '8a4us2supq4ppttt64613o9ban'),
('fguemor', '40bd001563085fc35165329ea1ff5c5ecbdbbeef', 'sp3skrj63qqbm07gch4kitapg8'),
('fguemor', '40bd001563085fc35165329ea1ff5c5ecbdbbeef', '0el7dd5aqsqior9l748voq0tjg'),
('fguemor', '40bd001563085fc35165329ea1ff5c5ecbdbbeef', 'bfqqh6k8hmbdfmnsq9u0p833ao'),
('fguemor', '40bd001563085fc35165329ea1ff5c5ecbdbbeef', '1ainjgkckk10mtd4ro6oaqdfeh'),
('fguemor', '40bd001563085fc35165329ea1ff5c5ecbdbbeef', '8ia5lapsdo1tu1trs01k9ld4lu'),
('fguemor', '40bd001563085fc35165329ea1ff5c5ecbdbbeef', '2lgq49hmdup3ohf5anjnm60lvn'),
('fguemor', '40bd001563085fc35165329ea1ff5c5ecbdbbeef', '664gaj6cjmvba4icrfs03oc8hi'),
('fguemor', '40bd001563085fc35165329ea1ff5c5ecbdbbeef', 'm0ktineucpp532ceapc78ft462'),
('fguemor', '40bd001563085fc35165329ea1ff5c5ecbdbbeef', 'qu0ds5kp6lgadvjg0p4qj1quco'),
('fguemor', '40bd001563085fc35165329ea1ff5c5ecbdbbeef', 'sqrmhetv57gc2bb17inmfhq6kv'),
('fguemor', '40bd001563085fc35165329ea1ff5c5ecbdbbeef', '9ugcahoghecba0gugb4hpjmc31'),
('fguemor', '40bd001563085fc35165329ea1ff5c5ecbdbbeef', '6te08j6aovpfh4b9vs5htfgfob'),
('fguemor', '40bd001563085fc35165329ea1ff5c5ecbdbbeef', 'pjul0ig3map8h71thkkubtr1kk'),
('fguemor', '40bd001563085fc35165329ea1ff5c5ecbdbbeef', 'k3jbaktn8rm8eu2qun2apqi7v5'),
('fguemor', '40bd001563085fc35165329ea1ff5c5ecbdbbeef', 'sjfij8d54r63r5ev6ffukb5qst'),
('fguemor', '40bd001563085fc35165329ea1ff5c5ecbdbbeef', 'h20fk4eoa8b1jp6i4ion8400ib'),
('fguemor', '40bd001563085fc35165329ea1ff5c5ecbdbbeef', '3pm1eb0nnalge7akd7d3qhe2i9'),
('fguemor', '40bd001563085fc35165329ea1ff5c5ecbdbbeef', 't7lfssddthmgvgc209ncccts21'),
('fguemor', '40bd001563085fc35165329ea1ff5c5ecbdbbeef', 'etlpsb5jr3gun3n1aun5fi5m7f'),
('fguemor', '40bd001563085fc35165329ea1ff5c5ecbdbbeef', 'hfb05da26nvlsk81h8779df9gr'),
('fguemor', '40bd001563085fc35165329ea1ff5c5ecbdbbeef', 'e57mrn97qa7oh818pbbb1rrtil'),
('fguemor', '40bd001563085fc35165329ea1ff5c5ecbdbbeef', '7ln1kjcvj4g1kc5fam302j992m'),
('fguemor', '40bd001563085fc35165329ea1ff5c5ecbdbbeef', 'e92q5vgdev500o0utad457s8al'),
('fguemor', '40bd001563085fc35165329ea1ff5c5ecbdbbeef', 'bf95a4vs5u31f5q20emftb1dh1'),
('fguemor', '40bd001563085fc35165329ea1ff5c5ecbdbbeef', '97maelglnua44ld3lc7n6oeqve'),
('fguemor', '40bd001563085fc35165329ea1ff5c5ecbdbbeef', '6r54ol5q24aqjmivimmu03t5rr'),
('fguemor', '40bd001563085fc35165329ea1ff5c5ecbdbbeef', 'fe0a50kek2o7ma8h6ctdd75aih'),
('fguemor', '40bd001563085fc35165329ea1ff5c5ecbdbbeef', 'cv19cb3salq80jpluqd3jlr5hh'),
('fguemor', '40bd001563085fc35165329ea1ff5c5ecbdbbeef', '27d8gqe0n3jtvrs944q4momhkg'),
('fguemor', '40bd001563085fc35165329ea1ff5c5ecbdbbeef', 'hdn3ogs8i6ogqvt7aud7sun30b'),
('fguemor', '40bd001563085fc35165329ea1ff5c5ecbdbbeef', 'ag9o4dd745an89okpigao06bhc'),
('fguemor', '40bd001563085fc35165329ea1ff5c5ecbdbbeef', 'kbd8co99vi5evd2bv0jssi13dk'),
('fguemor', '40bd001563085fc35165329ea1ff5c5ecbdbbeef', '07faak59a4hq5nj09iep8f9qom'),
('fguemor', '40bd001563085fc35165329ea1ff5c5ecbdbbeef', 'bb868t8v9mguf09cevu3ni0kmh'),
('fguemor', '40bd001563085fc35165329ea1ff5c5ecbdbbeef', 'qt8psgjp7c1kn5r5viipp23usn'),
('fguemor', '40bd001563085fc35165329ea1ff5c5ecbdbbeef', 'kk2bj6jfio6psl7g2dp7soia05'),
('fguemor', '40bd001563085fc35165329ea1ff5c5ecbdbbeef', 'mgek0qc3c9gicmriqonp2oorge'),
('fguemor', '40bd001563085fc35165329ea1ff5c5ecbdbbeef', '9ncur3pvp0grfalg0b87uus4c9'),
('fguemor', '40bd001563085fc35165329ea1ff5c5ecbdbbeef', 'g1ca8op2dlbumg1a0loirmkp9t'),
('fguemor', '40bd001563085fc35165329ea1ff5c5ecbdbbeef', '14bt2lfmlf9g0ijss0pgigp58o'),
('fguemor', '40bd001563085fc35165329ea1ff5c5ecbdbbeef', 'b78janbnedd8n1drit4ds2tfvv'),
('fguemor', '40bd001563085fc35165329ea1ff5c5ecbdbbeef', 'iskgaevqkenat3j2len8pp4bkv'),
('fguemor', '40bd001563085fc35165329ea1ff5c5ecbdbbeef', 'r15pf7kpdjrif1lumgben2pcdd'),
('fguemor', '40bd001563085fc35165329ea1ff5c5ecbdbbeef', 'deks4f5mbvas3n5gdsghco9mo7'),
('fguemor', '40bd001563085fc35165329ea1ff5c5ecbdbbeef', '9o1ug4gpfhohevnttbj8fuovtr'),
('fguemor', '40bd001563085fc35165329ea1ff5c5ecbdbbeef', 'or97hubi910d62qlvqjl3j5eps'),
('fguemor', '40bd001563085fc35165329ea1ff5c5ecbdbbeef', 'bhsnq4te8gtovnbqa9tg05na1b'),
('fguemor', '40bd001563085fc35165329ea1ff5c5ecbdbbeef', 'op43eu9ad81bemdkced4mcdep9'),
('fguemor', '40bd001563085fc35165329ea1ff5c5ecbdbbeef', 't1qvdl943i05ok5cn2sf7o40t1'),
('fguemor', '40bd001563085fc35165329ea1ff5c5ecbdbbeef', 'vojt0ptujr35mlh4bltsqggl6g'),
('fguemor', '40bd001563085fc35165329ea1ff5c5ecbdbbeef', 'ihgu85bpjpejofklijlfa3ktov'),
('fguemor', '40bd001563085fc35165329ea1ff5c5ecbdbbeef', 'ihavnfeshagmi6vt0rv4q3hmgq'),
('fguemor', '40bd001563085fc35165329ea1ff5c5ecbdbbeef', '750t8jidrhtj95ga6ksuabh2d3'),
('fguemor', '40bd001563085fc35165329ea1ff5c5ecbdbbeef', 'dd11077u7ckn6k1d6j4dccnuh0'),
('fguemor', '40bd001563085fc35165329ea1ff5c5ecbdbbeef', '8plfrm2s204kp0n2ub1ttf3pdt'),
('fguemor', '40bd001563085fc35165329ea1ff5c5ecbdbbeef', '46en8lpea7faptis83rqp37qdt'),
('fguemor', '40bd001563085fc35165329ea1ff5c5ecbdbbeef', 'qr1pstkkc4l847nbdqnhr6jjns'),
('fguemor', '40bd001563085fc35165329ea1ff5c5ecbdbbeef', 'bmqbh970tqcsn9ficc4sjakd27'),
('fguemor', '40bd001563085fc35165329ea1ff5c5ecbdbbeef', 'gmg1h6ovu25qsber6ba7t64otk'),
('fguemor', '40bd001563085fc35165329ea1ff5c5ecbdbbeef', '4jo2atuj0ih7iigve4avvisqmq'),
('fguemor', '40bd001563085fc35165329ea1ff5c5ecbdbbeef', '9iu6irvqas9u42j4skjo2f7g0e'),
('fguemor', '40bd001563085fc35165329ea1ff5c5ecbdbbeef', 'ho0o2gsku722fcqeivj15lekhi'),
('fguemor', '40bd001563085fc35165329ea1ff5c5ecbdbbeef', 'jrtkk9mvm0vm2ih8sr4r0i7vqe'),
('fguemor', '40bd001563085fc35165329ea1ff5c5ecbdbbeef', 'moho8laehnft1t5danprmr0kmq'),
('fguemor', '40bd001563085fc35165329ea1ff5c5ecbdbbeef', 'nc2u50a71cfpbgr5lfe40insv9'),
('fguemor', '40bd001563085fc35165329ea1ff5c5ecbdbbeef', 'la14r2aui3kvgvj4rai31umgvv'),
('fguemor', '40bd001563085fc35165329ea1ff5c5ecbdbbeef', '7ldukn20jrpju8ed99ii8vdqub'),
('fguemor', '40bd001563085fc35165329ea1ff5c5ecbdbbeef', '3f3q472f29inr5dtl89hatfo0p'),
('fguemor', '40bd001563085fc35165329ea1ff5c5ecbdbbeef', 'v8mdq7jgc4e8hhumv1mfolav6v'),
('fguemor', '40bd001563085fc35165329ea1ff5c5ecbdbbeef', '478mbjl1bgas7bed3empkff3r2'),
('fguemor', '40bd001563085fc35165329ea1ff5c5ecbdbbeef', 'u10a6ea85m4h396750njq68p6t'),
('fguemor', '40bd001563085fc35165329ea1ff5c5ecbdbbeef', 'vbgentmnhhke9muf69kssed5o6'),
('mar', '40bd001563085fc35165329ea1ff5c5ecbdbbeef', 'a1dd25meoh1b05q1bb1h0t5hgf'),
('mar', '40bd001563085fc35165329ea1ff5c5ecbdbbeef', 'qorr6m38trnnuusabohq1alcjk'),
('mar', '40bd001563085fc35165329ea1ff5c5ecbdbbeef', '4p5glpb73b74tq6etnfbks8hti'),
('fguemor1', '40bd001563085fc35165329ea1ff5c5ecbdbbeef', 'c883gna983pj710mfklr8od4lg'),
('fguemor1', '40bd001563085fc35165329ea1ff5c5ecbdbbeef', 'bac7i7ppqrh1r4h23bojov1jpg'),
('usuario', '40bd001563085fc35165329ea1ff5c5ecbdbbeef', 'ldgdcivogpvebiuhomvpo3rubv'),
('ole', '40bd001563085fc35165329ea1ff5c5ecbdbbeef', '1bts1rct3r32g6u9scl77dlvmq'),
('usuario', '40bd001563085fc35165329ea1ff5c5ecbdbbeef', 'el6ogojshujecd43rmgv0481kc'),
('usuario', '40bd001563085fc35165329ea1ff5c5ecbdbbeef', 'p3qaev33dqouofkuvpeqi64a7t'),
('maria', '40bd001563085fc35165329ea1ff5c5ecbdbbeef', 'bii6au81sd4r5ppkrusjl6qe2l'),
('aaa', '40bd001563085fc35165329ea1ff5c5ecbdbbeef', '9tj2i39qm3sitgusqkun33r3do'),
('aaa', '40bd001563085fc35165329ea1ff5c5ecbdbbeef', 'qotaajlguc07uvhjeiqa1il54e'),
('aaa', '40bd001563085fc35165329ea1ff5c5ecbdbbeef', 'r5n609i5f121qps2pr4pm2c5dt'),
('aaa', '40bd001563085fc35165329ea1ff5c5ecbdbbeef', 'a7csrlegm3bu5m1mc56od4kueu'),
('sas', '40bd001563085fc35165329ea1ff5c5ecbdbbeef', '0r737hfock5d153kqtkmjubq0a'),
('sas', '40bd001563085fc35165329ea1ff5c5ecbdbbeef', '01o9sktj0saf35b7u6tuc4eat9'),
('sas', '40bd001563085fc35165329ea1ff5c5ecbdbbeef', '00g9mr7uktus7tjoanrtbk502h'),
('sas', '40bd001563085fc35165329ea1ff5c5ecbdbbeef', 'ks8gbqu118c2vt1ta35hmhgor8'),
('sas', '40bd001563085fc35165329ea1ff5c5ecbdbbeef', 'ga62cf9hg3mnn7lrsi2enmfuh3'),
('sas', '40bd001563085fc35165329ea1ff5c5ecbdbbeef', 'hua985v1shd4svo5m29l9tt69e'),
('sas', '40bd001563085fc35165329ea1ff5c5ecbdbbeef', 'dm0hrgkp0snj65c3r2det5fbtt'),
('sas', '40bd001563085fc35165329ea1ff5c5ecbdbbeef', 'csm3aegdm5fjj5jl5t1vdlfiam'),
('sas', '40bd001563085fc35165329ea1ff5c5ecbdbbeef', 'v94drt7rtph88g5itum33vldtk'),
('ee', '40bd001563085fc35165329ea1ff5c5ecbdbbeef', 'doqj0ef582p1gdgu1bd7gv46pg'),
('ee', '40bd001563085fc35165329ea1ff5c5ecbdbbeef', '5dqlmi3v95rsf6lf799ob22g2q'),
('jeje', '40bd001563085fc35165329ea1ff5c5ecbdbbeef', 'u2ou11vg6vkgtrrigg55m7791q'),
('pepe', '40bd001563085fc35165329ea1ff5c5ecbdbbeef', 'c5b9tc50fj3n78de6d76if6fb0'),
('pepe', '40bd001563085fc35165329ea1ff5c5ecbdbbeef', 'av2pofaan2kvabip0r4rbhaam9'),
('usu', '40bd001563085fc35165329ea1ff5c5ecbdbbeef', 'atiakcj1uubff40fvl7dsdvehs'),
('usu', '40bd001563085fc35165329ea1ff5c5ecbdbbeef', 'v80ebpfp0ikck7n5q920mg452p'),
('usu', '40bd001563085fc35165329ea1ff5c5ecbdbbeef', 'c1nfl27obnsvuu8lmgiv6g071u'),
('usu', '40bd001563085fc35165329ea1ff5c5ecbdbbeef', 'u74g2ove6sgi57pbrrqs2pu0mc'),
('usu', '40bd001563085fc35165329ea1ff5c5ecbdbbeef', 'vono0fivdj8fjau6eg0se8tbbg'),
('usu', '40bd001563085fc35165329ea1ff5c5ecbdbbeef', '8v6vpnm87tr3s6i5hk16tpfrij'),
('usu', '40bd001563085fc35165329ea1ff5c5ecbdbbeef', '83pp26dhduo7kpgjtngc5kl06q'),
('usu', '40bd001563085fc35165329ea1ff5c5ecbdbbeef', 'h884n832dct3reqhpoj4mi1g7i'),
('usu', '40bd001563085fc35165329ea1ff5c5ecbdbbeef', 'vkd7lpdb5rjfdpit6dtljc3sbi'),
('usu', '40bd001563085fc35165329ea1ff5c5ecbdbbeef', 'l0b6hm8ji1p787egh6j7c2sp1m'),
('usu', '40bd001563085fc35165329ea1ff5c5ecbdbbeef', 'hb8o2dr1iehodr37p2t78ve4ja'),
('usu', '40bd001563085fc35165329ea1ff5c5ecbdbbeef', 'i8bfk0vhvc46asff25nf4j99t6'),
('usu', '40bd001563085fc35165329ea1ff5c5ecbdbbeef', 'bgp9pgonljd7r6lnhhpo19lug2'),
('usu', '40bd001563085fc35165329ea1ff5c5ecbdbbeef', '8ed7ks3ic4h3l3vobknecj9qk9'),
('usu', '40bd001563085fc35165329ea1ff5c5ecbdbbeef', 'fc185p1ur0095n51rcsuk5p73m'),
('usu', '40bd001563085fc35165329ea1ff5c5ecbdbbeef', 'v9dbeco77ont52f0j6e9fsdav4'),
('usu', '40bd001563085fc35165329ea1ff5c5ecbdbbeef', '3t5hok78rejcrfovl109vnueg8'),
('usu', '40bd001563085fc35165329ea1ff5c5ecbdbbeef', 'ka37as1f7tgal60v2703qc36oo'),
('usu', '40bd001563085fc35165329ea1ff5c5ecbdbbeef', 'brhtncp1v600499i63j6bhl87g'),
('usu', '40bd001563085fc35165329ea1ff5c5ecbdbbeef', 'beounfa8skpsklmlnjne1j43i8'),
('usu', '40bd001563085fc35165329ea1ff5c5ecbdbbeef', 'kv1run8t81ii7fdjqj70jk6m1q'),
('usu', '40bd001563085fc35165329ea1ff5c5ecbdbbeef', 'd9fqtoajgg1hh0kah08j3a6mem'),
('usu', '40bd001563085fc35165329ea1ff5c5ecbdbbeef', '0vuv8267fg82gpcnq4ts2t94vg'),
('usu', '40bd001563085fc35165329ea1ff5c5ecbdbbeef', 'isgbi049835gt71049adkjg3u0'),
('usu', '40bd001563085fc35165329ea1ff5c5ecbdbbeef', 'nr3c504kks6g3s1um1hf04jgas'),
('usu', '40bd001563085fc35165329ea1ff5c5ecbdbbeef', 'o65oosaonj9af41cn731l2srr0'),
('usu', '40bd001563085fc35165329ea1ff5c5ecbdbbeef', 'kpa941sljb786sbl0h002oe2vq'),
('usu', '40bd001563085fc35165329ea1ff5c5ecbdbbeef', '8feqf311o1ekhpaahhvg976au4'),
('usu', '40bd001563085fc35165329ea1ff5c5ecbdbbeef', 'l2lp7u2gv8j6p3bh0h6mvsdts6'),
('usu', '40bd001563085fc35165329ea1ff5c5ecbdbbeef', 'f9e5pnc9qled0u6n642gt9og1m'),
('usu', '40bd001563085fc35165329ea1ff5c5ecbdbbeef', 'alr50nosk5gf25c99i43i8l7np'),
('usu', '40bd001563085fc35165329ea1ff5c5ecbdbbeef', 'rtvvksr7litauen1ttsnpevruv'),
('usu', '40bd001563085fc35165329ea1ff5c5ecbdbbeef', 'r1jk4ufo9mmc69b7g9q38lsquj'),
('usu', '40bd001563085fc35165329ea1ff5c5ecbdbbeef', 'hiukttac9uvv60hqevfubec1n9'),
('usu', '40bd001563085fc35165329ea1ff5c5ecbdbbeef', 'hunfi6r0ekdd2ae71lp06ja3v5'),
('usu', '40bd001563085fc35165329ea1ff5c5ecbdbbeef', 'e5mhebrd1hm45lga8m20gj3puj'),
('usu', '40bd001563085fc35165329ea1ff5c5ecbdbbeef', 'jabq795alims049vitkgun5698'),
('usu', '40bd001563085fc35165329ea1ff5c5ecbdbbeef', 'lnqnhvacm2gjb86vl91ccobvtc'),
('usu', '40bd001563085fc35165329ea1ff5c5ecbdbbeef', 'mooei1o3pj43enop938r3r5675'),
('usu', '40bd001563085fc35165329ea1ff5c5ecbdbbeef', '5e73ml4m9l9u8ivh6askidvcei'),
('usu', '40bd001563085fc35165329ea1ff5c5ecbdbbeef', 'ep1q2s3fbqeclqv8uc9d1c9o2t'),
('usu', '40bd001563085fc35165329ea1ff5c5ecbdbbeef', 'ik19mluf73pmjk7tofih0tjkri'),
('usu', '40bd001563085fc35165329ea1ff5c5ecbdbbeef', 'jp6f5nqgnl2ekoi547goqe6u6l'),
('usu', '40bd001563085fc35165329ea1ff5c5ecbdbbeef', 'm1hdrmdmsmnh2v2saebe5bjjo8'),
('usu', '40bd001563085fc35165329ea1ff5c5ecbdbbeef', 'm8q9480ekanieok4j45nkjg0rb'),
('usu', '40bd001563085fc35165329ea1ff5c5ecbdbbeef', 'l32l6rktstc9t0b101qorvov6a'),
('usu', '40bd001563085fc35165329ea1ff5c5ecbdbbeef', 'lf6ejebkgbglvvts7e7vl2n8f1'),
('usu', '40bd001563085fc35165329ea1ff5c5ecbdbbeef', '4qu07fu61a3j8efm7u2k218ib1'),
('usu', '40bd001563085fc35165329ea1ff5c5ecbdbbeef', 'kggskccpp8ganptc3ev5rho66j');

-- --------------------------------------------------------

--
-- Estructura de tabla para la tabla `usuario`
--

CREATE TABLE `usuario` (
  `usuario` varchar(30) NOT NULL,
  `contraseña` varchar(100) NOT NULL,
  `nombre` varchar(30) NOT NULL,
  `apellidos` varchar(100) NOT NULL,
  `correo_electronico` varchar(100) NOT NULL,
  `administrador` tinyint(1) NOT NULL DEFAULT 0
) ENGINE=InnoDB DEFAULT CHARSET=utf8mb4;

--
-- Volcado de datos para la tabla `usuario`
--

INSERT INTO `usuario` (`usuario`, `contraseña`, `nombre`, `apellidos`, `correo_electronico`, `administrador`) VALUES
('fguemor', 'da39a3ee5e6b4b0d3255bfef95601890afd80709', '', '', '', 0),
('RocioGala', 'b665e217b51994789b02b1838e730d6b93baa30f', 'Rocio', 'Gala García', 'rociogg@gmail.com', 0),
('usu', '40bd001563085fc35165329ea1ff5c5ecbdbbeef', 'usu', 'usu', 'usu@gmail.com', 0);

--
-- Índices para tablas volcadas
--

--
-- Indices de la tabla `images`
--
ALTER TABLE `images`
  ADD PRIMARY KEY (`id`),
  ADD KEY `usuario` (`usuario`);

--
-- Indices de la tabla `usuario`
--
ALTER TABLE `usuario`
  ADD PRIMARY KEY (`usuario`);

--
-- AUTO_INCREMENT de las tablas volcadas
--

--
-- AUTO_INCREMENT de la tabla `images`
--
ALTER TABLE `images`
  MODIFY `id` int(11) NOT NULL AUTO_INCREMENT, AUTO_INCREMENT=12;

--
-- Restricciones para tablas volcadas
--

--
-- Filtros para la tabla `images`
--
ALTER TABLE `images`
  ADD CONSTRAINT `images_ibfk_1` FOREIGN KEY (`usuario`) REFERENCES `usuario` (`usuario`);
COMMIT;

/*!40101 SET CHARACTER_SET_CLIENT=@OLD_CHARACTER_SET_CLIENT */;
/*!40101 SET CHARACTER_SET_RESULTS=@OLD_CHARACTER_SET_RESULTS */;
/*!40101 SET COLLATION_CONNECTION=@OLD_COLLATION_CONNECTION */;
